/*
 Navicat Premium Data Transfer

 Source Server         : localhost
 Source Server Type    : MySQL
 Source Server Version : 80023
 Source Host           : localhost:3306
 Source Schema         : guli

 Target Server Type    : MySQL
 Target Server Version : 80023
 File Encoding         : 65001

 Date: 16/01/2022 23:24:02
*/

SET NAMES utf8mb4;
SET FOREIGN_KEY_CHECKS = 0;

-- ----------------------------
-- Table structure for acl_permission
-- ----------------------------
DROP TABLE IF EXISTS `acl_permission`;
CREATE TABLE `acl_permission`  (
  `id` char(19) CHARACTER SET utf8mb4 COLLATE utf8mb4_0900_ai_ci NOT NULL DEFAULT '' COMMENT '编号',
  `pid` char(19) CHARACTER SET utf8mb4 COLLATE utf8mb4_0900_ai_ci NOT NULL DEFAULT '' COMMENT '所属上级',
  `name` varchar(20) CHARACTER SET utf8mb4 COLLATE utf8mb4_0900_ai_ci NOT NULL DEFAULT '' COMMENT '名称',
  `type` tinyint NOT NULL DEFAULT 0 COMMENT '类型(1:菜单,2:按钮)',
  `permission_value` varchar(50) CHARACTER SET utf8mb4 COLLATE utf8mb4_0900_ai_ci NULL DEFAULT NULL COMMENT '权限值',
  `path` varchar(100) CHARACTER SET utf8mb4 COLLATE utf8mb4_0900_ai_ci NULL DEFAULT NULL COMMENT '访问路径',
  `component` varchar(100) CHARACTER SET utf8mb4 COLLATE utf8mb4_0900_ai_ci NULL DEFAULT NULL COMMENT '组件路径',
  `icon` varchar(50) CHARACTER SET utf8mb4 COLLATE utf8mb4_0900_ai_ci NULL DEFAULT NULL COMMENT '图标',
  `status` tinyint NULL DEFAULT NULL COMMENT '状态(0:禁止,1:正常)',
  `is_deleted` tinyint UNSIGNED NOT NULL DEFAULT 0 COMMENT '逻辑删除 1（true）已删除， 0（false）未删除',
  `gmt_create` datetime NULL DEFAULT NULL COMMENT '创建时间',
  `gmt_modified` datetime NULL DEFAULT NULL COMMENT '更新时间',
  PRIMARY KEY (`id`) USING BTREE,
  INDEX `idx_pid`(`pid`) USING BTREE
) ENGINE = InnoDB CHARACTER SET = utf8mb4 COLLATE = utf8mb4_0900_ai_ci COMMENT = '权限' ROW_FORMAT = Dynamic;

-- ----------------------------
-- Records of acl_permission
-- ----------------------------
INSERT INTO `acl_permission` VALUES ('1', '0', '全部数据', 0, NULL, NULL, NULL, NULL, NULL, 0, '2019-11-15 17:13:06', '2019-11-15 17:13:06');
INSERT INTO `acl_permission` VALUES ('1195268474480156673', '1', '权限管理', 1, NULL, '/acl', 'Layout', NULL, NULL, 0, '2019-11-15 17:13:06', '2019-11-18 13:54:25');
INSERT INTO `acl_permission` VALUES ('1195268616021139457', '1195268474480156673', '用户管理', 1, NULL, 'user/list', '/acl/user/list', NULL, NULL, 0, '2019-11-15 17:13:40', '2019-11-18 13:53:12');
INSERT INTO `acl_permission` VALUES ('1195268788138598401', '1195268474480156673', '角色管理', 1, NULL, 'role/list', '/acl/role/list', NULL, NULL, 0, '2019-11-15 17:14:21', '2019-11-15 17:14:21');
INSERT INTO `acl_permission` VALUES ('1195268893830864898', '1195268474480156673', '菜单管理', 1, NULL, 'menu/list', '/acl/menu/list', NULL, NULL, 0, '2019-11-15 17:14:46', '2019-11-15 17:14:46');
INSERT INTO `acl_permission` VALUES ('1195269143060602882', '1195268616021139457', '查看', 2, 'user.list', '', '', NULL, NULL, 0, '2019-11-15 17:15:45', '2019-11-17 21:57:16');
INSERT INTO `acl_permission` VALUES ('1195269295926206466', '1195268616021139457', '添加', 2, 'user.add', 'user/add', '/acl/user/form', NULL, NULL, 0, '2019-11-15 17:16:22', '2019-11-15 17:16:22');
INSERT INTO `acl_permission` VALUES ('1195269473479483394', '1195268616021139457', '修改', 2, 'user.update', 'user/update/:id', '/acl/user/form', NULL, NULL, 0, '2019-11-15 17:17:04', '2019-11-15 17:17:04');
INSERT INTO `acl_permission` VALUES ('1195269547269873666', '1195268616021139457', '删除', 2, 'user.remove', '', '', NULL, NULL, 0, '2019-11-15 17:17:22', '2019-11-15 17:17:22');
INSERT INTO `acl_permission` VALUES ('1195269821262782465', '1195268788138598401', '修改', 2, 'role.update', 'role/update/:id', '/acl/role/form', NULL, NULL, 0, '2019-11-15 17:18:27', '2019-11-15 17:19:53');
INSERT INTO `acl_permission` VALUES ('1195269903542444034', '1195268788138598401', '查看', 2, 'role.list', '', '', NULL, NULL, 0, '2019-11-15 17:18:47', '2019-11-15 17:18:47');
INSERT INTO `acl_permission` VALUES ('1195270037005197313', '1195268788138598401', '添加', 2, 'role.add', 'role/add', '/acl/role/form', NULL, NULL, 0, '2019-11-15 17:19:19', '2019-11-18 11:05:42');
INSERT INTO `acl_permission` VALUES ('1195270442602782721', '1195268788138598401', '删除', 2, 'role.remove', '', '', NULL, NULL, 0, '2019-11-15 17:20:55', '2019-11-15 17:20:55');
INSERT INTO `acl_permission` VALUES ('1195270621548568578', '1195268788138598401', '角色权限', 2, 'role.acl', 'role/distribution/:id', '/acl/role/roleForm', NULL, NULL, 0, '2019-11-15 17:21:38', '2019-11-15 17:21:38');
INSERT INTO `acl_permission` VALUES ('1195270744097742849', '1195268893830864898', '查看', 2, 'permission.list', '', '', NULL, NULL, 0, '2019-11-15 17:22:07', '2019-11-15 17:22:07');
INSERT INTO `acl_permission` VALUES ('1195270810560684034', '1195268893830864898', '添加', 2, 'permission.add', '', '', NULL, NULL, 0, '2019-11-15 17:22:23', '2019-11-15 17:22:23');
INSERT INTO `acl_permission` VALUES ('1195270862100291586', '1195268893830864898', '修改', 2, 'permission.update', '', '', NULL, NULL, 0, '2019-11-15 17:22:35', '2019-11-15 17:22:35');
INSERT INTO `acl_permission` VALUES ('1195270887933009922', '1195268893830864898', '删除', 2, 'permission.remove', '', '', NULL, NULL, 0, '2019-11-15 17:22:41', '2019-11-15 17:22:41');
INSERT INTO `acl_permission` VALUES ('1195349439240048642', '1', '讲师管理', 1, NULL, '/edu/teacher', 'Layout', NULL, NULL, 0, '2019-11-15 22:34:49', '2019-11-15 22:34:49');
INSERT INTO `acl_permission` VALUES ('1195349699995734017', '1195349439240048642', '讲师列表', 1, NULL, 'list', '/edu/teacher/list', NULL, NULL, 0, '2019-11-15 22:35:52', '2019-11-15 22:35:52');
INSERT INTO `acl_permission` VALUES ('1195349810561781761', '1195349439240048642', '添加讲师', 1, NULL, 'create', '/edu/teacher/save', NULL, NULL, 0, '2019-11-15 22:36:18', '2019-11-15 22:36:18');
INSERT INTO `acl_permission` VALUES ('1195349876252971010', '1195349810561781761', '添加', 2, 'teacher.add', '', '', NULL, NULL, 0, '2019-11-15 22:36:34', '2019-11-15 22:36:34');
INSERT INTO `acl_permission` VALUES ('1195349979797753857', '1195349699995734017', '查看', 2, 'teacher.list', '', '', NULL, NULL, 0, '2019-11-15 22:36:58', '2019-11-15 22:36:58');
INSERT INTO `acl_permission` VALUES ('1195350117270261762', '1195349699995734017', '修改', 2, 'teacher.update', 'edit/:id', '/edu/teacher/save', NULL, NULL, 0, '2019-11-15 22:37:31', '2019-11-15 22:37:31');
INSERT INTO `acl_permission` VALUES ('1195350188359520258', '1195349699995734017', '删除', 2, 'teacher.remove', '', '', NULL, NULL, 0, '2019-11-15 22:37:48', '2019-11-15 22:37:48');
INSERT INTO `acl_permission` VALUES ('1195350299365969922', '1', '课程分类', 1, NULL, '/edu/subject', 'Layout', NULL, NULL, 0, '2019-11-15 22:38:15', '2019-11-15 22:38:15');
INSERT INTO `acl_permission` VALUES ('1195350397751758850', '1195350299365969922', '课程分类列表', 1, NULL, 'list', '/edu/subject/list', NULL, NULL, 0, '2019-11-15 22:38:38', '2019-11-15 22:38:38');
INSERT INTO `acl_permission` VALUES ('1195350500512206850', '1195350299365969922', '导入课程分类', 1, NULL, 'import', '/edu/subject/save', NULL, NULL, 0, '2019-11-15 22:39:03', '2019-11-15 22:39:03');
INSERT INTO `acl_permission` VALUES ('1195350612172967938', '1195350397751758850', '查看', 2, 'subject.list', '', '', NULL, NULL, 0, '2019-11-15 22:39:29', '2019-11-15 22:39:29');
INSERT INTO `acl_permission` VALUES ('1195350687590748161', '1195350500512206850', '导入', 2, 'subject.import', '', '', NULL, NULL, 0, '2019-11-15 22:39:47', '2019-11-15 22:39:47');
INSERT INTO `acl_permission` VALUES ('1195350831744782337', '1', '课程管理', 1, NULL, '/edu/course', 'Layout', NULL, NULL, 0, '2019-11-15 22:40:21', '2019-11-15 22:40:21');
INSERT INTO `acl_permission` VALUES ('1195350919074385921', '1195350831744782337', '课程列表', 1, NULL, 'list', '/edu/course/list', NULL, NULL, 0, '2019-11-15 22:40:42', '2019-11-15 22:40:42');
INSERT INTO `acl_permission` VALUES ('1195351020463296513', '1195350831744782337', '发布课程', 1, NULL, 'info', '/edu/course/info', NULL, NULL, 0, '2019-11-15 22:41:06', '2019-11-15 22:41:06');
INSERT INTO `acl_permission` VALUES ('1195351159672246274', '1195350919074385921', '完成发布', 2, 'course.publish', 'publish/:id', '/edu/course/publish', NULL, NULL, 0, '2019-11-15 22:41:40', '2019-11-15 22:44:01');
INSERT INTO `acl_permission` VALUES ('1195351326706208770', '1195350919074385921', '编辑课程', 2, 'course.update', 'info/:id', '/edu/course/info', NULL, NULL, 0, '2019-11-15 22:42:19', '2019-11-15 22:42:19');
INSERT INTO `acl_permission` VALUES ('1195351566221938690', '1195350919074385921', '编辑课程大纲', 2, 'chapter.update', 'chapter/:id', '/edu/course/chapter', NULL, NULL, 0, '2019-11-15 22:43:17', '2019-11-15 22:43:17');
INSERT INTO `acl_permission` VALUES ('1195351862889254913', '1', '统计分析', 1, NULL, '/statistics/daily', 'Layout', NULL, NULL, 0, '2019-11-15 22:44:27', '2019-11-15 22:44:27');
INSERT INTO `acl_permission` VALUES ('1195351968841568257', '1195351862889254913', '生成统计', 1, NULL, 'create', '/edu/sta/create', NULL, NULL, 0, '2019-11-15 22:44:53', '2019-11-15 22:44:53');
INSERT INTO `acl_permission` VALUES ('1195352054917074946', '1195351862889254913', '统计图表', 1, NULL, 'chart', '/edu/sta/show', NULL, NULL, 0, '2019-11-15 22:45:13', '2019-11-15 22:45:13');
INSERT INTO `acl_permission` VALUES ('1195352127734386690', '1195352054917074946', '查看', 2, 'daily.list', '', '', NULL, NULL, 0, '2019-11-15 22:45:30', '2019-11-15 22:45:30');
INSERT INTO `acl_permission` VALUES ('1195352215768633346', '1195351968841568257', '生成', 2, 'daily.add', '', '', NULL, NULL, 0, '2019-11-15 22:45:51', '2019-11-15 22:45:51');
INSERT INTO `acl_permission` VALUES ('1195352547621965825', '1', 'CMS管理', 1, NULL, '/cms', 'Layout', NULL, NULL, 0, '2019-11-15 22:47:11', '2019-11-18 10:51:46');
INSERT INTO `acl_permission` VALUES ('1195352856645701633', '1195353513549205505', '查看', 2, 'banner.list', '', NULL, NULL, NULL, 0, '2019-11-15 22:48:24', '2019-11-15 22:48:24');
INSERT INTO `acl_permission` VALUES ('1195352909401657346', '1195353513549205505', '添加', 2, 'banner.add', 'banner/add', '/cms/banner/form', NULL, NULL, 0, '2019-11-15 22:48:37', '2019-11-18 10:52:10');
INSERT INTO `acl_permission` VALUES ('1195353051395624961', '1195353513549205505', '修改', 2, 'banner.update', 'banner/update/:id', '/cms/banner/form', NULL, NULL, 0, '2019-11-15 22:49:11', '2019-11-18 10:52:05');
INSERT INTO `acl_permission` VALUES ('1195353513549205505', '1195352547621965825', 'Bander列表', 1, NULL, 'banner/list', '/cms/banner/list', NULL, NULL, 0, '2019-11-15 22:51:01', '2019-11-18 10:51:29');
INSERT INTO `acl_permission` VALUES ('1195353672110673921', '1195353513549205505', '删除', 2, 'banner.remove', '', '', NULL, NULL, 0, '2019-11-15 22:51:39', '2019-11-15 22:51:39');
INSERT INTO `acl_permission` VALUES ('1195354076890370050', '1', '订单管理', 1, NULL, '/order', 'Layout', NULL, NULL, 0, '2019-11-15 22:53:15', '2019-11-15 22:53:15');
INSERT INTO `acl_permission` VALUES ('1195354153482555393', '1195354076890370050', '订单列表', 1, NULL, 'list', '/order/list', NULL, NULL, 0, '2019-11-15 22:53:33', '2019-11-15 22:53:58');
INSERT INTO `acl_permission` VALUES ('1195354315093282817', '1195354153482555393', '查看', 2, 'order.list', '', '', NULL, NULL, 0, '2019-11-15 22:54:12', '2019-11-15 22:54:12');
INSERT INTO `acl_permission` VALUES ('1196301740985311234', '1195268616021139457', '分配角色', 2, 'user.assgin', 'user/role/:id', '/acl/user/roleForm', NULL, NULL, 0, '2019-11-18 13:38:56', '2019-11-18 13:38:56');

-- ----------------------------
-- Table structure for acl_role
-- ----------------------------
DROP TABLE IF EXISTS `acl_role`;
CREATE TABLE `acl_role`  (
  `id` char(19) CHARACTER SET utf8 COLLATE utf8_general_ci NOT NULL DEFAULT '' COMMENT '角色id',
  `role_name` varchar(20) CHARACTER SET utf8 COLLATE utf8_general_ci NOT NULL DEFAULT '' COMMENT '角色名称',
  `role_code` varchar(20) CHARACTER SET utf8 COLLATE utf8_general_ci NULL DEFAULT NULL COMMENT '角色编码',
  `remark` varchar(255) CHARACTER SET utf8 COLLATE utf8_general_ci NULL DEFAULT NULL COMMENT '备注',
  `is_deleted` tinyint UNSIGNED NOT NULL DEFAULT 0 COMMENT '逻辑删除 1（true）已删除， 0（false）未删除',
  `gmt_create` datetime NOT NULL COMMENT '创建时间',
  `gmt_modified` datetime NOT NULL COMMENT '更新时间',
  PRIMARY KEY (`id`) USING BTREE
) ENGINE = InnoDB CHARACTER SET = utf8 COLLATE = utf8_general_ci ROW_FORMAT = Dynamic;

-- ----------------------------
-- Records of acl_role
-- ----------------------------
INSERT INTO `acl_role` VALUES ('1', '普通管理员', NULL, NULL, 0, '2019-11-11 13:09:32', '2019-11-18 10:27:18');
INSERT INTO `acl_role` VALUES ('1193757683205607426', '课程管理员', NULL, NULL, 0, '2019-11-11 13:09:45', '2019-11-18 10:25:44');
INSERT INTO `acl_role` VALUES ('1196300996034977794', 'test', NULL, NULL, 0, '2019-11-18 13:35:58', '2019-11-18 13:35:58');

-- ----------------------------
-- Table structure for acl_role_permission
-- ----------------------------
DROP TABLE IF EXISTS `acl_role_permission`;
CREATE TABLE `acl_role_permission`  (
  `id` char(19) CHARACTER SET utf8 COLLATE utf8_general_ci NOT NULL DEFAULT '',
  `role_id` char(19) CHARACTER SET utf8 COLLATE utf8_general_ci NOT NULL DEFAULT '',
  `permission_id` char(19) CHARACTER SET utf8 COLLATE utf8_general_ci NOT NULL DEFAULT '',
  `is_deleted` tinyint UNSIGNED NOT NULL DEFAULT 0 COMMENT '逻辑删除 1（true）已删除， 0（false）未删除',
  `gmt_create` datetime NOT NULL COMMENT '创建时间',
  `gmt_modified` datetime NOT NULL COMMENT '更新时间',
  PRIMARY KEY (`id`) USING BTREE,
  INDEX `idx_role_id`(`role_id`) USING BTREE,
  INDEX `idx_permission_id`(`permission_id`) USING BTREE
) ENGINE = InnoDB CHARACTER SET = utf8 COLLATE = utf8_general_ci COMMENT = '角色权限' ROW_FORMAT = Dynamic;

-- ----------------------------
-- Records of acl_role_permission
-- ----------------------------
INSERT INTO `acl_role_permission` VALUES ('1196301979754455041', '1', '1', 1, '2019-11-18 13:39:53', '2019-11-18 13:39:53');
INSERT INTO `acl_role_permission` VALUES ('1196301979792203778', '1', '1195268474480156673', 1, '2019-11-18 13:39:53', '2019-11-18 13:39:53');
INSERT INTO `acl_role_permission` VALUES ('1196301979821563906', '1', '1195268616021139457', 1, '2019-11-18 13:39:53', '2019-11-18 13:39:53');
INSERT INTO `acl_role_permission` VALUES ('1196301979842535426', '1', '1195269143060602882', 1, '2019-11-18 13:39:53', '2019-11-18 13:39:53');
INSERT INTO `acl_role_permission` VALUES ('1196301979855118338', '1', '1195269295926206466', 1, '2019-11-18 13:39:53', '2019-11-18 13:39:53');
INSERT INTO `acl_role_permission` VALUES ('1196301979880284161', '1', '1195269473479483394', 1, '2019-11-18 13:39:53', '2019-11-18 13:39:53');
INSERT INTO `acl_role_permission` VALUES ('1196301979913838593', '1', '1195269547269873666', 1, '2019-11-18 13:39:53', '2019-11-18 13:39:53');
INSERT INTO `acl_role_permission` VALUES ('1196301979926421506', '1', '1196301740985311234', 1, '2019-11-18 13:39:53', '2019-11-18 13:39:53');
INSERT INTO `acl_role_permission` VALUES ('1196301979951587330', '1', '1195268788138598401', 1, '2019-11-18 13:39:53', '2019-11-18 13:39:53');
INSERT INTO `acl_role_permission` VALUES ('1196301980014501889', '1', '1195269821262782465', 1, '2019-11-18 13:39:53', '2019-11-18 13:39:53');
INSERT INTO `acl_role_permission` VALUES ('1196301980035473410', '1', '1195269903542444034', 1, '2019-11-18 13:39:53', '2019-11-18 13:39:53');
INSERT INTO `acl_role_permission` VALUES ('1196301980052250626', '1', '1195270037005197313', 1, '2019-11-18 13:39:53', '2019-11-18 13:39:53');
INSERT INTO `acl_role_permission` VALUES ('1196301980077416450', '1', '1195270442602782721', 1, '2019-11-18 13:39:53', '2019-11-18 13:39:53');
INSERT INTO `acl_role_permission` VALUES ('1196301980094193665', '1', '1195270621548568578', 1, '2019-11-18 13:39:53', '2019-11-18 13:39:53');
INSERT INTO `acl_role_permission` VALUES ('1196301980119359489', '1', '1195268893830864898', 1, '2019-11-18 13:39:53', '2019-11-18 13:39:53');
INSERT INTO `acl_role_permission` VALUES ('1196301980136136706', '1', '1195270744097742849', 1, '2019-11-18 13:39:53', '2019-11-18 13:39:53');
INSERT INTO `acl_role_permission` VALUES ('1196301980249382913', '1', '1195270810560684034', 1, '2019-11-18 13:39:53', '2019-11-18 13:39:53');
INSERT INTO `acl_role_permission` VALUES ('1196301980270354434', '1', '1195270862100291586', 1, '2019-11-18 13:39:53', '2019-11-18 13:39:53');
INSERT INTO `acl_role_permission` VALUES ('1196301980287131649', '1', '1195270887933009922', 1, '2019-11-18 13:39:53', '2019-11-18 13:39:53');
INSERT INTO `acl_role_permission` VALUES ('1196301980303908866', '1', '1195349439240048642', 1, '2019-11-18 13:39:53', '2019-11-18 13:39:53');
INSERT INTO `acl_role_permission` VALUES ('1196301980320686082', '1', '1195349699995734017', 1, '2019-11-18 13:39:53', '2019-11-18 13:39:53');
INSERT INTO `acl_role_permission` VALUES ('1196301980345851905', '1', '1195349979797753857', 1, '2019-11-18 13:39:53', '2019-11-18 13:39:53');
INSERT INTO `acl_role_permission` VALUES ('1196301980362629121', '1', '1195350117270261762', 1, '2019-11-18 13:39:53', '2019-11-18 13:39:53');
INSERT INTO `acl_role_permission` VALUES ('1196301980383600641', '1', '1195350188359520258', 1, '2019-11-18 13:39:53', '2019-11-18 13:39:53');
INSERT INTO `acl_role_permission` VALUES ('1196301980408766465', '1', '1195349810561781761', 1, '2019-11-18 13:39:53', '2019-11-18 13:39:53');
INSERT INTO `acl_role_permission` VALUES ('1196301980421349378', '1', '1195349876252971010', 1, '2019-11-18 13:39:53', '2019-11-18 13:39:53');
INSERT INTO `acl_role_permission` VALUES ('1196301980438126593', '1', '1195350299365969922', 1, '2019-11-18 13:39:53', '2019-11-18 13:39:53');
INSERT INTO `acl_role_permission` VALUES ('1196301980450709506', '1', '1195350397751758850', 1, '2019-11-18 13:39:53', '2019-11-18 13:39:53');
INSERT INTO `acl_role_permission` VALUES ('1196301980501041153', '1', '1195350612172967938', 1, '2019-11-18 13:39:53', '2019-11-18 13:39:53');
INSERT INTO `acl_role_permission` VALUES ('1196301980517818370', '1', '1195350500512206850', 1, '2019-11-18 13:39:53', '2019-11-18 13:39:53');
INSERT INTO `acl_role_permission` VALUES ('1196301980538789889', '1', '1195350687590748161', 1, '2019-11-18 13:39:53', '2019-11-18 13:39:53');
INSERT INTO `acl_role_permission` VALUES ('1196301980622675970', '1', '1195350831744782337', 1, '2019-11-18 13:39:53', '2019-11-18 13:39:53');
INSERT INTO `acl_role_permission` VALUES ('1196301980639453186', '1', '1195350919074385921', 1, '2019-11-18 13:39:53', '2019-11-18 13:39:53');
INSERT INTO `acl_role_permission` VALUES ('1196301980660424705', '1', '1195351159672246274', 1, '2019-11-18 13:39:53', '2019-11-18 13:39:53');
INSERT INTO `acl_role_permission` VALUES ('1196301980677201922', '1', '1195351326706208770', 1, '2019-11-18 13:39:53', '2019-11-18 13:39:53');
INSERT INTO `acl_role_permission` VALUES ('1196301980698173441', '1', '1195351566221938690', 1, '2019-11-18 13:39:53', '2019-11-18 13:39:53');
INSERT INTO `acl_role_permission` VALUES ('1196301980714950658', '1', '1195351020463296513', 1, '2019-11-18 13:39:53', '2019-11-18 13:39:53');
INSERT INTO `acl_role_permission` VALUES ('1196301980723339266', '1', '1195351862889254913', 1, '2019-11-18 13:39:53', '2019-11-18 13:39:53');
INSERT INTO `acl_role_permission` VALUES ('1196301980744310786', '1', '1195351968841568257', 1, '2019-11-18 13:39:53', '2019-11-18 13:39:53');
INSERT INTO `acl_role_permission` VALUES ('1196301980761088001', '1', '1195352215768633346', 1, '2019-11-18 13:39:53', '2019-11-18 13:39:53');
INSERT INTO `acl_role_permission` VALUES ('1196301980777865217', '1', '1195352054917074946', 1, '2019-11-18 13:39:53', '2019-11-18 13:39:53');
INSERT INTO `acl_role_permission` VALUES ('1196301980794642434', '1', '1195352127734386690', 1, '2019-11-18 13:39:53', '2019-11-18 13:39:53');
INSERT INTO `acl_role_permission` VALUES ('1196301980811419650', '1', '1195352547621965825', 1, '2019-11-18 13:39:53', '2019-11-18 13:39:53');
INSERT INTO `acl_role_permission` VALUES ('1196301980828196865', '1', '1195353513549205505', 1, '2019-11-18 13:39:53', '2019-11-18 13:39:53');
INSERT INTO `acl_role_permission` VALUES ('1196301980844974082', '1', '1195352856645701633', 1, '2019-11-18 13:39:53', '2019-11-18 13:39:53');
INSERT INTO `acl_role_permission` VALUES ('1196301980861751298', '1', '1195352909401657346', 1, '2019-11-18 13:39:53', '2019-11-18 13:39:53');
INSERT INTO `acl_role_permission` VALUES ('1196301980886917122', '1', '1195353051395624961', 1, '2019-11-18 13:39:53', '2019-11-18 13:39:53');
INSERT INTO `acl_role_permission` VALUES ('1196301980928860162', '1', '1195353672110673921', 1, '2019-11-18 13:39:53', '2019-11-18 13:39:53');
INSERT INTO `acl_role_permission` VALUES ('1196301980954025986', '1', '1195354076890370050', 1, '2019-11-18 13:39:53', '2019-11-18 13:39:53');
INSERT INTO `acl_role_permission` VALUES ('1196301980970803201', '1', '1195354153482555393', 1, '2019-11-18 13:39:53', '2019-11-18 13:39:53');
INSERT INTO `acl_role_permission` VALUES ('1196301980987580418', '1', '1195354315093282817', 1, '2019-11-18 13:39:53', '2019-11-18 13:39:53');
INSERT INTO `acl_role_permission` VALUES ('1196305293070077953', '1', '1', 1, '2019-11-18 13:53:03', '2019-11-18 13:53:03');
INSERT INTO `acl_role_permission` VALUES ('1196305293099438081', '1', '1195268474480156673', 1, '2019-11-18 13:53:03', '2019-11-18 13:53:03');
INSERT INTO `acl_role_permission` VALUES ('1196305293120409602', '1', '1195268616021139457', 1, '2019-11-18 13:53:03', '2019-11-18 13:53:03');
INSERT INTO `acl_role_permission` VALUES ('1196305293153964034', '1', '1195269143060602882', 1, '2019-11-18 13:53:03', '2019-11-18 13:53:03');
INSERT INTO `acl_role_permission` VALUES ('1196305293183324162', '1', '1195269295926206466', 1, '2019-11-18 13:53:03', '2019-11-18 13:53:03');
INSERT INTO `acl_role_permission` VALUES ('1196305293212684290', '1', '1195269473479483394', 1, '2019-11-18 13:53:03', '2019-11-18 13:53:03');
INSERT INTO `acl_role_permission` VALUES ('1196305293237850114', '1', '1195269547269873666', 1, '2019-11-18 13:53:03', '2019-11-18 13:53:03');
INSERT INTO `acl_role_permission` VALUES ('1196305293271404545', '1', '1196301740985311234', 1, '2019-11-18 13:53:03', '2019-11-18 13:53:03');
INSERT INTO `acl_role_permission` VALUES ('1196305293485314049', '1', '1195268788138598401', 1, '2019-11-18 13:53:03', '2019-11-18 13:53:03');
INSERT INTO `acl_role_permission` VALUES ('1196305293506285569', '1', '1195269821262782465', 1, '2019-11-18 13:53:03', '2019-11-18 13:53:03');
INSERT INTO `acl_role_permission` VALUES ('1196305293527257089', '1', '1195269903542444034', 1, '2019-11-18 13:53:03', '2019-11-18 13:53:03');
INSERT INTO `acl_role_permission` VALUES ('1196305293552422914', '1', '1195270037005197313', 1, '2019-11-18 13:53:03', '2019-11-18 13:53:03');
INSERT INTO `acl_role_permission` VALUES ('1196305293565005825', '1', '1195270442602782721', 1, '2019-11-18 13:53:03', '2019-11-18 13:53:03');
INSERT INTO `acl_role_permission` VALUES ('1196305293594365954', '1', '1195270621548568578', 1, '2019-11-18 13:53:03', '2019-11-18 13:53:03');
INSERT INTO `acl_role_permission` VALUES ('1196305293611143169', '1', '1195268893830864898', 1, '2019-11-18 13:53:03', '2019-11-18 13:53:03');
INSERT INTO `acl_role_permission` VALUES ('1196305293627920385', '1', '1195270744097742849', 1, '2019-11-18 13:53:03', '2019-11-18 13:53:03');
INSERT INTO `acl_role_permission` VALUES ('1196305293657280513', '1', '1195349439240048642', 1, '2019-11-18 13:53:03', '2019-11-18 13:53:03');
INSERT INTO `acl_role_permission` VALUES ('1196305293674057729', '1', '1195349699995734017', 1, '2019-11-18 13:53:03', '2019-11-18 13:53:03');
INSERT INTO `acl_role_permission` VALUES ('1196305293690834946', '1', '1195349979797753857', 1, '2019-11-18 13:53:03', '2019-11-18 13:53:03');
INSERT INTO `acl_role_permission` VALUES ('1196305293716000770', '1', '1195350117270261762', 1, '2019-11-18 13:53:03', '2019-11-18 13:53:03');
INSERT INTO `acl_role_permission` VALUES ('1196305293736972290', '1', '1195350188359520258', 1, '2019-11-18 13:53:03', '2019-11-18 13:53:03');
INSERT INTO `acl_role_permission` VALUES ('1196305293749555202', '1', '1195349810561781761', 1, '2019-11-18 13:53:03', '2019-11-18 13:53:03');
INSERT INTO `acl_role_permission` VALUES ('1196305293766332417', '1', '1195349876252971010', 1, '2019-11-18 13:53:03', '2019-11-18 13:53:03');
INSERT INTO `acl_role_permission` VALUES ('1196305293795692546', '1', '1195350299365969922', 1, '2019-11-18 13:53:03', '2019-11-18 13:53:03');
INSERT INTO `acl_role_permission` VALUES ('1196305293812469762', '1', '1195350397751758850', 1, '2019-11-18 13:53:03', '2019-11-18 13:53:03');
INSERT INTO `acl_role_permission` VALUES ('1196305293837635586', '1', '1195350612172967938', 1, '2019-11-18 13:53:03', '2019-11-18 13:53:03');
INSERT INTO `acl_role_permission` VALUES ('1196305293858607106', '1', '1195350500512206850', 1, '2019-11-18 13:53:03', '2019-11-18 13:53:03');
INSERT INTO `acl_role_permission` VALUES ('1196305293875384322', '1', '1195350687590748161', 1, '2019-11-18 13:53:03', '2019-11-18 13:53:03');
INSERT INTO `acl_role_permission` VALUES ('1196305293892161538', '1', '1195350831744782337', 1, '2019-11-18 13:53:03', '2019-11-18 13:53:03');
INSERT INTO `acl_role_permission` VALUES ('1196305293950881794', '1', '1195350919074385921', 1, '2019-11-18 13:53:03', '2019-11-18 13:53:03');
INSERT INTO `acl_role_permission` VALUES ('1196305293976047617', '1', '1195351159672246274', 1, '2019-11-18 13:53:03', '2019-11-18 13:53:03');
INSERT INTO `acl_role_permission` VALUES ('1196305294127042561', '1', '1195351326706208770', 1, '2019-11-18 13:53:03', '2019-11-18 13:53:03');
INSERT INTO `acl_role_permission` VALUES ('1196305294156402690', '1', '1195351566221938690', 1, '2019-11-18 13:53:03', '2019-11-18 13:53:03');
INSERT INTO `acl_role_permission` VALUES ('1196305294177374209', '1', '1195351862889254913', 1, '2019-11-18 13:53:03', '2019-11-18 13:53:03');
INSERT INTO `acl_role_permission` VALUES ('1196305294194151425', '1', '1195351968841568257', 1, '2019-11-18 13:53:03', '2019-11-18 13:53:03');
INSERT INTO `acl_role_permission` VALUES ('1196305294223511554', '1', '1195352215768633346', 1, '2019-11-18 13:53:03', '2019-11-18 13:53:03');
INSERT INTO `acl_role_permission` VALUES ('1196305294240288770', '1', '1195352054917074946', 1, '2019-11-18 13:53:03', '2019-11-18 13:53:03');
INSERT INTO `acl_role_permission` VALUES ('1196305294248677377', '1', '1195352127734386690', 1, '2019-11-18 13:53:03', '2019-11-18 13:53:03');
INSERT INTO `acl_role_permission` VALUES ('1196305294248677378', '1', '1195352547621965825', 1, '2019-11-18 13:53:03', '2019-11-18 13:53:03');
INSERT INTO `acl_role_permission` VALUES ('1196305294319980546', '1', '1195353513549205505', 1, '2019-11-18 13:53:03', '2019-11-18 13:53:03');
INSERT INTO `acl_role_permission` VALUES ('1196305294319980547', '1', '1195352856645701633', 1, '2019-11-18 13:53:03', '2019-11-18 13:53:03');
INSERT INTO `acl_role_permission` VALUES ('1196305294319980548', '1', '1195352909401657346', 1, '2019-11-18 13:53:03', '2019-11-18 13:53:03');
INSERT INTO `acl_role_permission` VALUES ('1196305294378700802', '1', '1195353051395624961', 1, '2019-11-18 13:53:03', '2019-11-18 13:53:03');
INSERT INTO `acl_role_permission` VALUES ('1196305294378700803', '1', '1195353672110673921', 1, '2019-11-18 13:53:03', '2019-11-18 13:53:03');
INSERT INTO `acl_role_permission` VALUES ('1196305294458392577', '1', '1195354076890370050', 1, '2019-11-18 13:53:03', '2019-11-18 13:53:03');
INSERT INTO `acl_role_permission` VALUES ('1196305294483558402', '1', '1195354153482555393', 1, '2019-11-18 13:53:03', '2019-11-18 13:53:03');
INSERT INTO `acl_role_permission` VALUES ('1196305294500335618', '1', '1195354315093282817', 1, '2019-11-18 13:53:03', '2019-11-18 13:53:03');
INSERT INTO `acl_role_permission` VALUES ('1196305566656139266', '1', '1', 1, '2019-11-18 13:54:08', '2019-11-18 13:54:08');
INSERT INTO `acl_role_permission` VALUES ('1196305566689693698', '1', '1195268474480156673', 1, '2019-11-18 13:54:08', '2019-11-18 13:54:08');
INSERT INTO `acl_role_permission` VALUES ('1196305566706470913', '1', '1195268616021139457', 1, '2019-11-18 13:54:08', '2019-11-18 13:54:08');
INSERT INTO `acl_role_permission` VALUES ('1196305566740025346', '1', '1195269143060602882', 1, '2019-11-18 13:54:08', '2019-11-18 13:54:08');
INSERT INTO `acl_role_permission` VALUES ('1196305566756802561', '1', '1195269295926206466', 1, '2019-11-18 13:54:08', '2019-11-18 13:54:08');
INSERT INTO `acl_role_permission` VALUES ('1196305566781968385', '1', '1195269473479483394', 1, '2019-11-18 13:54:08', '2019-11-18 13:54:08');
INSERT INTO `acl_role_permission` VALUES ('1196305566811328514', '1', '1195269547269873666', 1, '2019-11-18 13:54:08', '2019-11-18 13:54:08');
INSERT INTO `acl_role_permission` VALUES ('1196305566828105730', '1', '1196301740985311234', 1, '2019-11-18 13:54:08', '2019-11-18 13:54:08');
INSERT INTO `acl_role_permission` VALUES ('1196305566853271554', '1', '1195268788138598401', 1, '2019-11-18 13:54:08', '2019-11-18 13:54:08');
INSERT INTO `acl_role_permission` VALUES ('1196305566878437378', '1', '1195269821262782465', 1, '2019-11-18 13:54:08', '2019-11-18 13:54:08');
INSERT INTO `acl_role_permission` VALUES ('1196305566895214593', '1', '1195269903542444034', 1, '2019-11-18 13:54:08', '2019-11-18 13:54:08');
INSERT INTO `acl_role_permission` VALUES ('1196305566916186113', '1', '1195270037005197313', 1, '2019-11-18 13:54:08', '2019-11-18 13:54:08');
INSERT INTO `acl_role_permission` VALUES ('1196305566949740546', '1', '1195270442602782721', 1, '2019-11-18 13:54:08', '2019-11-18 13:54:08');
INSERT INTO `acl_role_permission` VALUES ('1196305566966517761', '1', '1195270621548568578', 1, '2019-11-18 13:54:08', '2019-11-18 13:54:08');
INSERT INTO `acl_role_permission` VALUES ('1196305566991683585', '1', '1195268893830864898', 1, '2019-11-18 13:54:08', '2019-11-18 13:54:08');
INSERT INTO `acl_role_permission` VALUES ('1196305567012655106', '1', '1195270744097742849', 1, '2019-11-18 13:54:08', '2019-11-18 13:54:08');
INSERT INTO `acl_role_permission` VALUES ('1196305567029432322', '1', '1195270810560684034', 1, '2019-11-18 13:54:08', '2019-11-18 13:54:08');
INSERT INTO `acl_role_permission` VALUES ('1196305567042015233', '1', '1195270862100291586', 1, '2019-11-18 13:54:08', '2019-11-18 13:54:08');
INSERT INTO `acl_role_permission` VALUES ('1196305567100735490', '1', '1195270887933009922', 1, '2019-11-18 13:54:08', '2019-11-18 13:54:08');
INSERT INTO `acl_role_permission` VALUES ('1196305567117512705', '1', '1195349439240048642', 1, '2019-11-18 13:54:08', '2019-11-18 13:54:08');
INSERT INTO `acl_role_permission` VALUES ('1196305567142678530', '1', '1195349699995734017', 1, '2019-11-18 13:54:08', '2019-11-18 13:54:08');
INSERT INTO `acl_role_permission` VALUES ('1196305567155261442', '1', '1195349979797753857', 1, '2019-11-18 13:54:08', '2019-11-18 13:54:08');
INSERT INTO `acl_role_permission` VALUES ('1196305567172038658', '1', '1195350117270261762', 1, '2019-11-18 13:54:08', '2019-11-18 13:54:08');
INSERT INTO `acl_role_permission` VALUES ('1196305567188815873', '1', '1195350188359520258', 1, '2019-11-18 13:54:08', '2019-11-18 13:54:08');
INSERT INTO `acl_role_permission` VALUES ('1196305567218176001', '1', '1195349810561781761', 1, '2019-11-18 13:54:08', '2019-11-18 13:54:08');
INSERT INTO `acl_role_permission` VALUES ('1196305567234953217', '1', '1195349876252971010', 1, '2019-11-18 13:54:08', '2019-11-18 13:54:08');
INSERT INTO `acl_role_permission` VALUES ('1196305567251730434', '1', '1195350299365969922', 1, '2019-11-18 13:54:08', '2019-11-18 13:54:08');
INSERT INTO `acl_role_permission` VALUES ('1196305567272701954', '1', '1195350397751758850', 1, '2019-11-18 13:54:08', '2019-11-18 13:54:08');
INSERT INTO `acl_role_permission` VALUES ('1196305567289479170', '1', '1195350612172967938', 1, '2019-11-18 13:54:08', '2019-11-18 13:54:08');
INSERT INTO `acl_role_permission` VALUES ('1196305567310450690', '1', '1195350500512206850', 1, '2019-11-18 13:54:08', '2019-11-18 13:54:08');
INSERT INTO `acl_role_permission` VALUES ('1196305567327227905', '1', '1195350687590748161', 1, '2019-11-18 13:54:08', '2019-11-18 13:54:08');
INSERT INTO `acl_role_permission` VALUES ('1196305567448862722', '1', '1195350831744782337', 1, '2019-11-18 13:54:08', '2019-11-18 13:54:08');
INSERT INTO `acl_role_permission` VALUES ('1196305567478222850', '1', '1195350919074385921', 1, '2019-11-18 13:54:08', '2019-11-18 13:54:08');
INSERT INTO `acl_role_permission` VALUES ('1196305567495000065', '1', '1195351159672246274', 1, '2019-11-18 13:54:08', '2019-11-18 13:54:08');
INSERT INTO `acl_role_permission` VALUES ('1196305567520165889', '1', '1195351326706208770', 1, '2019-11-18 13:54:08', '2019-11-18 13:54:08');
INSERT INTO `acl_role_permission` VALUES ('1196305567541137409', '1', '1195351566221938690', 1, '2019-11-18 13:54:08', '2019-11-18 13:54:08');
INSERT INTO `acl_role_permission` VALUES ('1196305567570497538', '1', '1195351862889254913', 1, '2019-11-18 13:54:08', '2019-11-18 13:54:08');
INSERT INTO `acl_role_permission` VALUES ('1196305567587274754', '1', '1195351968841568257', 1, '2019-11-18 13:54:08', '2019-11-18 13:54:08');
INSERT INTO `acl_role_permission` VALUES ('1196305567604051970', '1', '1195352215768633346', 1, '2019-11-18 13:54:08', '2019-11-18 13:54:08');
INSERT INTO `acl_role_permission` VALUES ('1196305567633412098', '1', '1195352054917074946', 1, '2019-11-18 13:54:08', '2019-11-18 13:54:08');
INSERT INTO `acl_role_permission` VALUES ('1196305567683743745', '1', '1195352127734386690', 1, '2019-11-18 13:54:08', '2019-11-18 13:54:08');
INSERT INTO `acl_role_permission` VALUES ('1196305567721492481', '1', '1195352547621965825', 1, '2019-11-18 13:54:08', '2019-11-18 13:54:08');
INSERT INTO `acl_role_permission` VALUES ('1196305567742464002', '1', '1195353513549205505', 1, '2019-11-18 13:54:08', '2019-11-18 13:54:08');
INSERT INTO `acl_role_permission` VALUES ('1196305567771824129', '1', '1195352856645701633', 1, '2019-11-18 13:54:08', '2019-11-18 13:54:08');
INSERT INTO `acl_role_permission` VALUES ('1196305567792795650', '1', '1195352909401657346', 1, '2019-11-18 13:54:08', '2019-11-18 13:54:08');
INSERT INTO `acl_role_permission` VALUES ('1196305567809572866', '1', '1195353051395624961', 1, '2019-11-18 13:54:08', '2019-11-18 13:54:08');
INSERT INTO `acl_role_permission` VALUES ('1196305567843127298', '1', '1195353672110673921', 1, '2019-11-18 13:54:08', '2019-11-18 13:54:08');
INSERT INTO `acl_role_permission` VALUES ('1196305567868293122', '1', '1195354076890370050', 1, '2019-11-18 13:54:08', '2019-11-18 13:54:08');
INSERT INTO `acl_role_permission` VALUES ('1196305567885070338', '1', '1195354153482555393', 1, '2019-11-18 13:54:08', '2019-11-18 13:54:08');
INSERT INTO `acl_role_permission` VALUES ('1196305567910236162', '1', '1195354315093282817', 1, '2019-11-18 13:54:08', '2019-11-18 13:54:08');
INSERT INTO `acl_role_permission` VALUES ('1196312702601695234', '1', '1', 0, '2019-11-18 14:22:29', '2019-11-18 14:22:29');
INSERT INTO `acl_role_permission` VALUES ('1196312702652026881', '1', '1195268474480156673', 0, '2019-11-18 14:22:29', '2019-11-18 14:22:29');
INSERT INTO `acl_role_permission` VALUES ('1196312702668804098', '1', '1195268616021139457', 0, '2019-11-18 14:22:29', '2019-11-18 14:22:29');
INSERT INTO `acl_role_permission` VALUES ('1196312702698164226', '1', '1195269143060602882', 0, '2019-11-18 14:22:29', '2019-11-18 14:22:29');
INSERT INTO `acl_role_permission` VALUES ('1196312702723330049', '1', '1195269295926206466', 0, '2019-11-18 14:22:29', '2019-11-18 14:22:29');
INSERT INTO `acl_role_permission` VALUES ('1196312702744301569', '1', '1195269473479483394', 0, '2019-11-18 14:22:29', '2019-11-18 14:22:29');
INSERT INTO `acl_role_permission` VALUES ('1196312702765273089', '1', '1195269547269873666', 0, '2019-11-18 14:22:29', '2019-11-18 14:22:29');
INSERT INTO `acl_role_permission` VALUES ('1196312702790438913', '1', '1196301740985311234', 0, '2019-11-18 14:22:29', '2019-11-18 14:22:29');
INSERT INTO `acl_role_permission` VALUES ('1196312702945628161', '1', '1195268788138598401', 0, '2019-11-18 14:22:29', '2019-11-18 14:22:29');
INSERT INTO `acl_role_permission` VALUES ('1196312702970793985', '1', '1195269821262782465', 0, '2019-11-18 14:22:29', '2019-11-18 14:22:29');
INSERT INTO `acl_role_permission` VALUES ('1196312703000154114', '1', '1195269903542444034', 0, '2019-11-18 14:22:29', '2019-11-18 14:22:29');
INSERT INTO `acl_role_permission` VALUES ('1196312703025319938', '1', '1195270037005197313', 0, '2019-11-18 14:22:29', '2019-11-18 14:22:29');
INSERT INTO `acl_role_permission` VALUES ('1196312703046291458', '1', '1195270442602782721', 0, '2019-11-18 14:22:29', '2019-11-18 14:22:29');
INSERT INTO `acl_role_permission` VALUES ('1196312703063068673', '1', '1195270621548568578', 0, '2019-11-18 14:22:29', '2019-11-18 14:22:29');
INSERT INTO `acl_role_permission` VALUES ('1196312703084040193', '1', '1195268893830864898', 0, '2019-11-18 14:22:29', '2019-11-18 14:22:29');
INSERT INTO `acl_role_permission` VALUES ('1196312703113400321', '1', '1195270744097742849', 0, '2019-11-18 14:22:29', '2019-11-18 14:22:29');
INSERT INTO `acl_role_permission` VALUES ('1196312703134371842', '1', '1195270810560684034', 0, '2019-11-18 14:22:30', '2019-11-18 14:22:30');
INSERT INTO `acl_role_permission` VALUES ('1196312703159537665', '1', '1195270862100291586', 0, '2019-11-18 14:22:30', '2019-11-18 14:22:30');
INSERT INTO `acl_role_permission` VALUES ('1196312703184703490', '1', '1195270887933009922', 0, '2019-11-18 14:22:30', '2019-11-18 14:22:30');
INSERT INTO `acl_role_permission` VALUES ('1196312703209869313', '1', '1195349439240048642', 0, '2019-11-18 14:22:30', '2019-11-18 14:22:30');
INSERT INTO `acl_role_permission` VALUES ('1196312703230840834', '1', '1195349699995734017', 0, '2019-11-18 14:22:30', '2019-11-18 14:22:30');
INSERT INTO `acl_role_permission` VALUES ('1196312703251812354', '1', '1195349979797753857', 0, '2019-11-18 14:22:30', '2019-11-18 14:22:30');
INSERT INTO `acl_role_permission` VALUES ('1196312703272783873', '1', '1195350117270261762', 0, '2019-11-18 14:22:30', '2019-11-18 14:22:30');
INSERT INTO `acl_role_permission` VALUES ('1196312703293755394', '1', '1195350188359520258', 0, '2019-11-18 14:22:30', '2019-11-18 14:22:30');
INSERT INTO `acl_role_permission` VALUES ('1196312703327309826', '1', '1195349810561781761', 0, '2019-11-18 14:22:30', '2019-11-18 14:22:30');
INSERT INTO `acl_role_permission` VALUES ('1196312703348281345', '1', '1195349876252971010', 0, '2019-11-18 14:22:30', '2019-11-18 14:22:30');
INSERT INTO `acl_role_permission` VALUES ('1196312703365058561', '1', '1195350299365969922', 0, '2019-11-18 14:22:30', '2019-11-18 14:22:30');
INSERT INTO `acl_role_permission` VALUES ('1196312703386030082', '1', '1195350397751758850', 0, '2019-11-18 14:22:30', '2019-11-18 14:22:30');
INSERT INTO `acl_role_permission` VALUES ('1196312703440556034', '1', '1195350612172967938', 0, '2019-11-18 14:22:30', '2019-11-18 14:22:30');
INSERT INTO `acl_role_permission` VALUES ('1196312703486693378', '1', '1195350500512206850', 0, '2019-11-18 14:22:30', '2019-11-18 14:22:30');
INSERT INTO `acl_role_permission` VALUES ('1196312703511859202', '1', '1195350687590748161', 0, '2019-11-18 14:22:30', '2019-11-18 14:22:30');
INSERT INTO `acl_role_permission` VALUES ('1196312703654465537', '1', '1195350831744782337', 0, '2019-11-18 14:22:30', '2019-11-18 14:22:30');
INSERT INTO `acl_role_permission` VALUES ('1196312703683825665', '1', '1195350919074385921', 0, '2019-11-18 14:22:30', '2019-11-18 14:22:30');
INSERT INTO `acl_role_permission` VALUES ('1196312703700602882', '1', '1195351159672246274', 0, '2019-11-18 14:22:30', '2019-11-18 14:22:30');
INSERT INTO `acl_role_permission` VALUES ('1196312703717380098', '1', '1195351326706208770', 0, '2019-11-18 14:22:30', '2019-11-18 14:22:30');
INSERT INTO `acl_role_permission` VALUES ('1196312703738351618', '1', '1195351566221938690', 0, '2019-11-18 14:22:30', '2019-11-18 14:22:30');
INSERT INTO `acl_role_permission` VALUES ('1196312703759323137', '1', '1195351020463296513', 0, '2019-11-18 14:22:30', '2019-11-18 14:22:30');
INSERT INTO `acl_role_permission` VALUES ('1196312703776100353', '1', '1195351862889254913', 0, '2019-11-18 14:22:30', '2019-11-18 14:22:30');
INSERT INTO `acl_role_permission` VALUES ('1196312703792877570', '1', '1195351968841568257', 0, '2019-11-18 14:22:30', '2019-11-18 14:22:30');
INSERT INTO `acl_role_permission` VALUES ('1196312703830626305', '1', '1195352215768633346', 0, '2019-11-18 14:22:30', '2019-11-18 14:22:30');
INSERT INTO `acl_role_permission` VALUES ('1196312703843209217', '1', '1195352054917074946', 0, '2019-11-18 14:22:30', '2019-11-18 14:22:30');
INSERT INTO `acl_role_permission` VALUES ('1196312703868375041', '1', '1195352127734386690', 0, '2019-11-18 14:22:30', '2019-11-18 14:22:30');
INSERT INTO `acl_role_permission` VALUES ('1196312703889346561', '1', '1195352547621965825', 0, '2019-11-18 14:22:30', '2019-11-18 14:22:30');
INSERT INTO `acl_role_permission` VALUES ('1196312703901929473', '1', '1195353513549205505', 0, '2019-11-18 14:22:30', '2019-11-18 14:22:30');
INSERT INTO `acl_role_permission` VALUES ('1196312703918706689', '1', '1195352856645701633', 0, '2019-11-18 14:22:30', '2019-11-18 14:22:30');
INSERT INTO `acl_role_permission` VALUES ('1196312703952261121', '1', '1195352909401657346', 0, '2019-11-18 14:22:30', '2019-11-18 14:22:30');
INSERT INTO `acl_role_permission` VALUES ('1196312703973232642', '1', '1195353051395624961', 0, '2019-11-18 14:22:30', '2019-11-18 14:22:30');
INSERT INTO `acl_role_permission` VALUES ('1196312703990009857', '1', '1195353672110673921', 0, '2019-11-18 14:22:30', '2019-11-18 14:22:30');
INSERT INTO `acl_role_permission` VALUES ('1196312704048730114', '1', '1195354076890370050', 0, '2019-11-18 14:22:30', '2019-11-18 14:22:30');
INSERT INTO `acl_role_permission` VALUES ('1196312704069701633', '1', '1195354153482555393', 0, '2019-11-18 14:22:30', '2019-11-18 14:22:30');
INSERT INTO `acl_role_permission` VALUES ('1196312704094867457', '1', '1195354315093282817', 0, '2019-11-18 14:22:30', '2019-11-18 14:22:30');

-- ----------------------------
-- Table structure for acl_user
-- ----------------------------
DROP TABLE IF EXISTS `acl_user`;
CREATE TABLE `acl_user`  (
  `id` char(19) CHARACTER SET utf8mb4 COLLATE utf8mb4_0900_ai_ci NOT NULL COMMENT '会员id',
  `username` varchar(20) CHARACTER SET utf8mb4 COLLATE utf8mb4_0900_ai_ci NOT NULL DEFAULT '' COMMENT '微信openid',
  `password` varchar(32) CHARACTER SET utf8mb4 COLLATE utf8mb4_0900_ai_ci NOT NULL DEFAULT '' COMMENT '密码',
  `nick_name` varchar(50) CHARACTER SET utf8mb4 COLLATE utf8mb4_0900_ai_ci NULL DEFAULT NULL COMMENT '昵称',
  `salt` varchar(255) CHARACTER SET utf8mb4 COLLATE utf8mb4_0900_ai_ci NULL DEFAULT NULL COMMENT '用户头像',
  `token` varchar(100) CHARACTER SET utf8mb4 COLLATE utf8mb4_0900_ai_ci NULL DEFAULT NULL COMMENT '用户签名',
  `is_deleted` tinyint UNSIGNED NOT NULL DEFAULT 0 COMMENT '逻辑删除 1（true）已删除， 0（false）未删除',
  `gmt_create` datetime NOT NULL COMMENT '创建时间',
  `gmt_modified` datetime NOT NULL COMMENT '更新时间',
  PRIMARY KEY (`id`) USING BTREE,
  UNIQUE INDEX `uk_username`(`username`) USING BTREE
) ENGINE = InnoDB CHARACTER SET = utf8mb4 COLLATE = utf8mb4_0900_ai_ci COMMENT = '用户表' ROW_FORMAT = Dynamic;

-- ----------------------------
-- Records of acl_user
-- ----------------------------
INSERT INTO `acl_user` VALUES ('1', 'admin', '96e79218965eb72c92a549dd5a330112', 'admin', '', NULL, 0, '2019-11-01 10:39:47', '2019-11-01 10:39:47');
INSERT INTO `acl_user` VALUES ('2', 'test', '96e79218965eb72c92a549dd5a330112', 'test', NULL, NULL, 0, '2019-11-01 16:36:07', '2019-11-01 16:40:08');

-- ----------------------------
-- Table structure for acl_user_role
-- ----------------------------
DROP TABLE IF EXISTS `acl_user_role`;
CREATE TABLE `acl_user_role`  (
  `id` char(19) CHARACTER SET utf8 COLLATE utf8_general_ci NOT NULL DEFAULT '' COMMENT '主键id',
  `role_id` char(19) CHARACTER SET utf8 COLLATE utf8_general_ci NOT NULL DEFAULT '0' COMMENT '角色id',
  `user_id` char(19) CHARACTER SET utf8 COLLATE utf8_general_ci NOT NULL DEFAULT '0' COMMENT '用户id',
  `is_deleted` tinyint UNSIGNED NOT NULL DEFAULT 0 COMMENT '逻辑删除 1（true）已删除， 0（false）未删除',
  `gmt_create` datetime NOT NULL COMMENT '创建时间',
  `gmt_modified` datetime NOT NULL COMMENT '更新时间',
  PRIMARY KEY (`id`) USING BTREE,
  INDEX `idx_role_id`(`role_id`) USING BTREE,
  INDEX `idx_user_id`(`user_id`) USING BTREE
) ENGINE = InnoDB CHARACTER SET = utf8 COLLATE = utf8_general_ci ROW_FORMAT = Dynamic;

-- ----------------------------
-- Records of acl_user_role
-- ----------------------------
INSERT INTO `acl_user_role` VALUES ('1', '1', '2', 0, '2019-11-11 13:09:53', '2019-11-11 13:09:53');

-- ----------------------------
-- Table structure for crm_banner
-- ----------------------------
DROP TABLE IF EXISTS `crm_banner`;
CREATE TABLE `crm_banner`  (
  `id` char(19) CHARACTER SET utf8mb4 COLLATE utf8mb4_0900_ai_ci NOT NULL DEFAULT '' COMMENT 'ID',
  `title` varchar(20) CHARACTER SET utf8mb4 COLLATE utf8mb4_0900_ai_ci NULL DEFAULT '' COMMENT '标题',
  `image_url` varchar(500) CHARACTER SET utf8mb4 COLLATE utf8mb4_0900_ai_ci NOT NULL DEFAULT '' COMMENT '图片地址',
  `link_url` varchar(500) CHARACTER SET utf8mb4 COLLATE utf8mb4_0900_ai_ci NULL DEFAULT '' COMMENT '链接地址',
  `sort` int UNSIGNED NOT NULL DEFAULT 0 COMMENT '排序',
  `is_deleted` tinyint UNSIGNED NOT NULL DEFAULT 0 COMMENT '逻辑删除 1（true）已删除， 0（false）未删除',
  `gmt_create` datetime NOT NULL COMMENT '创建时间',
  `gmt_modified` datetime NOT NULL COMMENT '更新时间',
  PRIMARY KEY (`id`) USING BTREE,
  UNIQUE INDEX `uk_name`(`title`) USING BTREE
) ENGINE = InnoDB CHARACTER SET = utf8mb4 COLLATE = utf8mb4_0900_ai_ci COMMENT = '首页banner表' ROW_FORMAT = Dynamic;

-- ----------------------------
-- Records of crm_banner
-- ----------------------------
INSERT INTO `crm_banner` VALUES ('1194556896025845762', 'test1', 'https://online-teach-file.oss-cn-beijing.aliyuncs.com/cms/2019/11/14/297acd3b-b592-4cfb-a446-a28310369675.jpg', '/course', 1, 0, '2019-11-13 18:05:32', '2019-11-18 10:28:22');
INSERT INTO `crm_banner` VALUES ('1194607458461216769', 'test2', 'https://online-teach-file.oss-cn-beijing.aliyuncs.com/cms/2019/11/13/8f80790d-d736-4842-a6a4-4dcb0d684d4e.jpg', '/teacher', 2, 0, '2019-11-13 21:26:27', '2019-11-14 09:12:15');

-- ----------------------------
-- Table structure for edu_chapter
-- ----------------------------
DROP TABLE IF EXISTS `edu_chapter`;
CREATE TABLE `edu_chapter`  (
  `id` char(19) CHARACTER SET utf8mb4 COLLATE utf8mb4_0900_ai_ci NOT NULL COMMENT '章节ID',
  `course_id` char(19) CHARACTER SET utf8mb4 COLLATE utf8mb4_0900_ai_ci NOT NULL COMMENT '课程ID',
  `title` varchar(50) CHARACTER SET utf8mb4 COLLATE utf8mb4_0900_ai_ci NOT NULL COMMENT '章节名称',
  `sort` int UNSIGNED NOT NULL DEFAULT 0 COMMENT '显示排序',
  `gmt_create` datetime NOT NULL COMMENT '创建时间',
  `gmt_modified` datetime NOT NULL COMMENT '更新时间',
  PRIMARY KEY (`id`) USING BTREE,
  INDEX `idx_course_id`(`course_id`) USING BTREE
) ENGINE = InnoDB CHARACTER SET = utf8mb4 COLLATE = utf8mb4_0900_ai_ci COMMENT = '课程' ROW_FORMAT = COMPACT;

-- ----------------------------
-- Records of edu_chapter
-- ----------------------------
INSERT INTO `edu_chapter` VALUES ('1', '14', '第一章：HTML', 0, '2019-01-01 12:27:40', '2019-01-01 12:55:30');
INSERT INTO `edu_chapter` VALUES ('1181729226915577857', '18', '第七章：I/O流', 70, '2019-10-09 08:32:58', '2021-10-03 01:06:41');
INSERT INTO `edu_chapter` VALUES ('1192252428399751169', '1192252213659774977', '第一章节', 0, '2019-11-07 09:28:25', '2019-11-07 09:28:25');
INSERT INTO `edu_chapter` VALUES ('15', '18', '第一章：Java入门', 10, '2019-01-01 12:27:40', '2021-10-03 01:06:13');
INSERT INTO `edu_chapter` VALUES ('3', '14', '第二章：CSS', 0, '2019-01-01 12:55:35', '2019-01-01 12:27:40');
INSERT INTO `edu_chapter` VALUES ('32', '18', '第二章：控制台输入和输出', 20, '2019-01-01 12:27:40', '2021-10-03 01:06:19');
INSERT INTO `edu_chapter` VALUES ('44', '18', '第三章：控制流', 30, '2019-01-01 12:27:40', '2021-10-03 01:06:24');
INSERT INTO `edu_chapter` VALUES ('48', '18', '第四章：类的定义', 40, '2019-01-01 12:27:40', '2021-10-03 01:06:29');
INSERT INTO `edu_chapter` VALUES ('63', '18', '第五章：数组', 50, '2019-01-01 12:27:40', '2021-10-03 01:06:33');
INSERT INTO `edu_chapter` VALUES ('64', '18', '第六章：继承', 60, '2019-01-01 12:27:40', '2021-10-03 01:06:37');

-- ----------------------------
-- Table structure for edu_comment
-- ----------------------------
DROP TABLE IF EXISTS `edu_comment`;
CREATE TABLE `edu_comment`  (
  `id` char(19) CHARACTER SET utf8mb4 COLLATE utf8mb4_0900_ai_ci NOT NULL COMMENT '讲师ID',
  `course_id` varchar(19) CHARACTER SET utf8mb4 COLLATE utf8mb4_0900_ai_ci NOT NULL DEFAULT '' COMMENT '课程id',
  `teacher_id` char(19) CHARACTER SET utf8mb4 COLLATE utf8mb4_0900_ai_ci NOT NULL DEFAULT '' COMMENT '讲师id',
  `member_id` varchar(19) CHARACTER SET utf8mb4 COLLATE utf8mb4_0900_ai_ci NOT NULL DEFAULT '' COMMENT '会员id',
  `nickname` varchar(50) CHARACTER SET utf8mb4 COLLATE utf8mb4_0900_ai_ci NULL DEFAULT NULL COMMENT '会员昵称',
  `avatar` varchar(255) CHARACTER SET utf8mb4 COLLATE utf8mb4_0900_ai_ci NULL DEFAULT NULL COMMENT '会员头像',
  `content` varchar(500) CHARACTER SET utf8mb4 COLLATE utf8mb4_0900_ai_ci NULL DEFAULT NULL COMMENT '评论内容',
  `is_deleted` tinyint UNSIGNED NOT NULL DEFAULT 0 COMMENT '逻辑删除 1（true）已删除， 0（false）未删除',
  `gmt_create` datetime NOT NULL COMMENT '创建时间',
  `gmt_modified` datetime NOT NULL COMMENT '更新时间',
  PRIMARY KEY (`id`) USING BTREE,
  INDEX `idx_course_id`(`course_id`) USING BTREE,
  INDEX `idx_teacher_id`(`teacher_id`) USING BTREE,
  INDEX `idx_member_id`(`member_id`) USING BTREE
) ENGINE = InnoDB CHARACTER SET = utf8mb4 COLLATE = utf8mb4_0900_ai_ci COMMENT = '评论' ROW_FORMAT = Dynamic;

-- ----------------------------
-- Records of edu_comment
-- ----------------------------
INSERT INTO `edu_comment` VALUES ('1194499162790211585', '1192252213659774977', '1189389726308478977', '1', '小三123', 'http://thirdwx.qlogo.cn/mmopen/vi_32/DYAIOgq83eoj0hHXhgJNOTSOFsS4uZs8x1ConecaVOB8eIl115xmJZcT4oCicvia7wMEufibKtTLqiaJeanU2Lpg3w/132', '课程很好', 0, '2019-11-13 14:16:08', '2019-11-13 14:16:08');
INSERT INTO `edu_comment` VALUES ('1194898406466420738', '1192252213659774977', '1189389726308478977', '1', '小三123', 'http://thirdwx.qlogo.cn/mmopen/vi_32/DYAIOgq83eoj0hHXhgJNOTSOFsS4uZs8x1ConecaVOB8eIl115xmJZcT4oCicvia7wMEufibKtTLqiaJeanU2Lpg3w/132', '11', 0, '2019-11-14 16:42:35', '2019-11-14 16:42:35');
INSERT INTO `edu_comment` VALUES ('1194898484388200450', '1192252213659774977', '1189389726308478977', '1', '小三123', 'http://thirdwx.qlogo.cn/mmopen/vi_32/DYAIOgq83eoj0hHXhgJNOTSOFsS4uZs8x1ConecaVOB8eIl115xmJZcT4oCicvia7wMEufibKtTLqiaJeanU2Lpg3w/132', '111', 0, '2019-11-14 16:42:53', '2019-11-14 16:42:53');
INSERT INTO `edu_comment` VALUES ('1195251020861317122', '1192252213659774977', '1189389726308478977', '1', NULL, NULL, '2233', 0, '2019-11-15 16:03:45', '2019-11-15 16:03:45');
INSERT INTO `edu_comment` VALUES ('1195251382720700418', '1192252213659774977', '1189389726308478977', '1', NULL, NULL, '4455', 0, '2019-11-15 16:05:11', '2019-11-15 16:05:11');
INSERT INTO `edu_comment` VALUES ('1195252819177570306', '1192252213659774977', '1189389726308478977', '1', '小三1231', 'http://thirdwx.qlogo.cn/mmopen/vi_32/DYAIOgq83eoj0hHXhgJNOTSOFsS4uZs8x1ConecaVOB8eIl115xmJZcT4oCicvia7wMEufibKtTLqiaJeanU2Lpg3w/132', '55', 0, '2019-11-15 16:10:53', '2019-11-15 16:10:53');
INSERT INTO `edu_comment` VALUES ('1195252899448160258', '1192252213659774977', '1189389726308478977', '1', '小三1231', 'http://thirdwx.qlogo.cn/mmopen/vi_32/DYAIOgq83eoj0hHXhgJNOTSOFsS4uZs8x1ConecaVOB8eIl115xmJZcT4oCicvia7wMEufibKtTLqiaJeanU2Lpg3w/132', '55', 0, '2019-11-15 16:11:13', '2019-11-15 16:11:13');
INSERT INTO `edu_comment` VALUES ('1195252920587452417', '1192252213659774977', '1189389726308478977', '1', '小三1231', 'http://thirdwx.qlogo.cn/mmopen/vi_32/DYAIOgq83eoj0hHXhgJNOTSOFsS4uZs8x1ConecaVOB8eIl115xmJZcT4oCicvia7wMEufibKtTLqiaJeanU2Lpg3w/132', '223344', 0, '2019-11-15 16:11:18', '2019-11-15 16:11:18');
INSERT INTO `edu_comment` VALUES ('1195262128095559681', '14', '1189389726308478977', '1', '小三1231', 'http://thirdwx.qlogo.cn/mmopen/vi_32/DYAIOgq83eoj0hHXhgJNOTSOFsS4uZs8x1ConecaVOB8eIl115xmJZcT4oCicvia7wMEufibKtTLqiaJeanU2Lpg3w/132', '11', 0, '2019-11-15 16:47:53', '2019-11-15 16:47:53');
INSERT INTO `edu_comment` VALUES ('1196264505170767874', '1192252213659774977', '1189389726308478977', '1', '小三1231', 'http://thirdwx.qlogo.cn/mmopen/vi_32/DYAIOgq83eoj0hHXhgJNOTSOFsS4uZs8x1ConecaVOB8eIl115xmJZcT4oCicvia7wMEufibKtTLqiaJeanU2Lpg3w/132', '666666', 0, '2019-11-18 11:10:58', '2019-11-18 11:10:58');
INSERT INTO `edu_comment` VALUES ('1451183225454989314', '18', '1189389726308478977', '1447226810726141953', '苟文勇', 'http://thirdwx.qlogo.cn/mmopen/vi_32/DYAIOgq83eoj0hHXhgJNOTSOFsS4uZs8x1ConecaVOB8eIl115xmJZcT4oCicvia7wMEufibKtTLqiaJeanU2Lpg3w/132', '课程不错', 0, '2021-10-21 21:46:57', '2021-10-21 21:46:57');
INSERT INTO `edu_comment` VALUES ('1451183234116227074', '18', '1189389726308478977', '1447226810726141953', '苟文勇', 'http://thirdwx.qlogo.cn/mmopen/vi_32/DYAIOgq83eoj0hHXhgJNOTSOFsS4uZs8x1ConecaVOB8eIl115xmJZcT4oCicvia7wMEufibKtTLqiaJeanU2Lpg3w/132', '', 0, '2021-10-21 21:46:59', '2021-10-21 21:46:59');
INSERT INTO `edu_comment` VALUES ('1451183236557312001', '18', '1189389726308478977', '1447226810726141953', '苟文勇', 'http://thirdwx.qlogo.cn/mmopen/vi_32/DYAIOgq83eoj0hHXhgJNOTSOFsS4uZs8x1ConecaVOB8eIl115xmJZcT4oCicvia7wMEufibKtTLqiaJeanU2Lpg3w/132', '', 0, '2021-10-21 21:47:00', '2021-10-21 21:47:00');
INSERT INTO `edu_comment` VALUES ('1451183237387784193', '18', '1189389726308478977', '1447226810726141953', '苟文勇', 'http://thirdwx.qlogo.cn/mmopen/vi_32/DYAIOgq83eoj0hHXhgJNOTSOFsS4uZs8x1ConecaVOB8eIl115xmJZcT4oCicvia7wMEufibKtTLqiaJeanU2Lpg3w/132', '', 0, '2021-10-21 21:47:00', '2021-10-21 21:47:00');
INSERT INTO `edu_comment` VALUES ('1451183238125981697', '18', '1189389726308478977', '1447226810726141953', '苟文勇', 'http://thirdwx.qlogo.cn/mmopen/vi_32/DYAIOgq83eoj0hHXhgJNOTSOFsS4uZs8x1ConecaVOB8eIl115xmJZcT4oCicvia7wMEufibKtTLqiaJeanU2Lpg3w/132', '', 0, '2021-10-21 21:47:00', '2021-10-21 21:47:00');
INSERT INTO `edu_comment` VALUES ('1451229073190703106', '1192252213659774974', '1189389726308478977', '1447226810726141953', '苟文勇', 'http://thirdwx.qlogo.cn/mmopen/vi_32/DYAIOgq83eoj0hHXhgJNOTSOFsS4uZs8x1ConecaVOB8eIl115xmJZcT4oCicvia7wMEufibKtTLqiaJeanU2Lpg3w/132', '555\n', 0, '2021-10-22 00:49:08', '2021-10-22 00:49:08');
INSERT INTO `edu_comment` VALUES ('1453348480918507521', '1192252213659774977', '1189389726308478977', '1447226810726141953', '苟文勇', 'http://thirdwx.qlogo.cn/mmopen/vi_32/DYAIOgq83eoj0hHXhgJNOTSOFsS4uZs8x1ConecaVOB8eIl115xmJZcT4oCicvia7wMEufibKtTLqiaJeanU2Lpg3w/132', '你好\n', 0, '2021-10-27 21:10:54', '2021-10-27 21:10:54');

-- ----------------------------
-- Table structure for edu_course
-- ----------------------------
DROP TABLE IF EXISTS `edu_course`;
CREATE TABLE `edu_course`  (
  `id` char(19) CHARACTER SET utf8mb4 COLLATE utf8mb4_0900_ai_ci NOT NULL COMMENT '课程ID',
  `teacher_id` char(19) CHARACTER SET utf8mb4 COLLATE utf8mb4_0900_ai_ci NULL DEFAULT NULL COMMENT '课程讲师ID',
  `subject_id` char(19) CHARACTER SET utf8mb4 COLLATE utf8mb4_0900_ai_ci NULL DEFAULT NULL COMMENT '课程专业ID',
  `subject_parent_id` char(19) CHARACTER SET utf8mb4 COLLATE utf8mb4_0900_ai_ci NULL DEFAULT NULL COMMENT '课程专业父级ID',
  `title` varchar(50) CHARACTER SET utf8mb4 COLLATE utf8mb4_0900_ai_ci NULL DEFAULT NULL COMMENT '课程标题',
  `price` decimal(10, 2) UNSIGNED NULL DEFAULT 0.00 COMMENT '课程销售价格，设置为0则可免费观看',
  `lesson_num` int UNSIGNED NULL DEFAULT 0 COMMENT '总课时',
  `cover` varchar(255) CHARACTER SET utf8 COLLATE utf8_general_ci NULL DEFAULT NULL COMMENT '课程封面图片路径',
  `buy_count` bigint UNSIGNED NULL DEFAULT 0 COMMENT '销售数量',
  `view_count` bigint UNSIGNED NULL DEFAULT 0 COMMENT '浏览数量',
  `version` bigint UNSIGNED NULL DEFAULT 1 COMMENT '乐观锁',
  `status` varchar(10) CHARACTER SET utf8mb4 COLLATE utf8mb4_0900_ai_ci NULL DEFAULT 'Draft' COMMENT '课程状态 Draft未发布  Normal已发布',
  `is_deleted` tinyint NULL DEFAULT NULL COMMENT '逻辑删除 1（true）已删除， 0（false）未删除',
  `gmt_create` datetime NULL DEFAULT NULL COMMENT '创建时间',
  `gmt_modified` datetime NULL DEFAULT NULL COMMENT '更新时间',
  PRIMARY KEY (`id`) USING BTREE,
  INDEX `idx_title`(`title`) USING BTREE,
  INDEX `idx_subject_id`(`subject_id`) USING BTREE,
  INDEX `idx_teacher_id`(`teacher_id`) USING BTREE
) ENGINE = InnoDB CHARACTER SET = utf8mb4 COLLATE = utf8mb4_0900_ai_ci COMMENT = '课程' ROW_FORMAT = COMPACT;

-- ----------------------------
-- Records of edu_course
-- ----------------------------
INSERT INTO `edu_course` VALUES ('1192252213659774974', '1189389726308478977', '1178214681139539969', '1178214681118568449', 'java基础课程：test', 0.01, 2, 'https://guli-edu5.oss-cn-beijing.aliyuncs.com/2021/10/06/1aab839f759340898a5a080e201f2b85wallhaven-z8zjdo.jpg', 4, 387, 1, 'Normal', 0, '2019-11-07 09:27:33', '2019-11-18 13:35:03');
INSERT INTO `edu_course` VALUES ('1192252213659774977', '1189389726308478977', '1178214681139539969', '1178214681118568449', 'java基础课程：test22', 0.01, 2, 'https://guli-edu5.oss-cn-beijing.aliyuncs.com/2021/10/06/1aab839f759340898a5a080e201f2b85wallhaven-z8zjdo.jpg', 4, 387, 1, 'Normal', 0, '2019-11-07 09:27:33', '2019-11-18 13:35:03');
INSERT INTO `edu_course` VALUES ('14', '1189389726308478977', '1101348944971091969', '1101348944920760321', 'XHTML CSS2 JS整站制作教程课程学习', 0.00, 3, 'https://guli-edu5.oss-cn-beijing.aliyuncs.com/2021/10/06/1aab839f759340898a5a080e201f2b85wallhaven-z8zjdo.jpg', 3, 44, 15, 'Normal', 0, '2018-04-02 18:33:34', '2019-11-16 21:21:45');
INSERT INTO `edu_course` VALUES ('144', '1189389726308478977', '1101348944971091969', '1101348944920760321', 'XHTML CSS2 JS整站制作教程课程学习22', 0.00, 3, 'https://guli-edu5.oss-cn-beijing.aliyuncs.com/2021/10/06/1aab839f759340898a5a080e201f2b85wallhaven-z8zjdo.jpg', 3, 44, 15, 'Normal', 0, '2018-04-02 18:33:34', '2019-11-16 21:21:45');
INSERT INTO `edu_course` VALUES ('1442878893504602113', '1', '1178214681139539969', '1178214681118568449', '最终课程添加', 2.00, 2, 'https://guli-edu5.oss-cn-beijing.aliyuncs.com/2021/10/06/1aab839f759340898a5a080e201f2b85wallhaven-z8zjdo.jpg', 0, 0, 1, 'Draft', 0, '2021-09-28 23:48:30', '2021-09-28 23:48:30');
INSERT INTO `edu_course` VALUES ('1442878893504602114', '1', '1178214681139539969', '1178214681118568449', '最终课程添加', 2.00, 2, 'https://guli-edu5.oss-cn-beijing.aliyuncs.com/2021/10/06/1aab839f759340898a5a080e201f2b85wallhaven-z8zjdo.jpg', 0, 0, 1, 'Draft', 0, '2021-09-28 23:48:30', '2021-09-28 23:48:30');
INSERT INTO `edu_course` VALUES ('1445', '1189389726308478977', '1101348944971091969', '1101348944920760321', 'HTML5入门课程学习', 0.00, 23, 'https://guli-edu5.oss-cn-beijing.aliyuncs.com/2021/10/06/1aab839f759340898a5a080e201f2b85wallhaven-z8zjdo.jpg', 0, 51, 17, 'Normal', 0, '2018-04-02 18:34:32', '2019-11-12 10:19:20');
INSERT INTO `edu_course` VALUES ('1445375559868612604', '1', '1178214681139539969', '1178214681118568449', '删除1', 0.00, 1, 'https://guli-edu5.oss-cn-beijing.aliyuncs.com/2021/10/06/1aab839f759340898a5a080e201f2b85wallhaven-z8zjdo.jpg', 0, 0, 1, 'Normal', 0, '2021-10-05 21:09:22', '2021-10-05 21:22:44');
INSERT INTO `edu_course` VALUES ('1445375559868612609', '1', '1178214681139539969', '1178214681118568449', '删除2', 0.00, 1, 'https://guli-edu5.oss-cn-beijing.aliyuncs.com/2021/10/06/1aab839f759340898a5a080e201f2b85wallhaven-z8zjdo.jpg', 0, 0, 1, 'Normal', 0, '2021-10-05 21:09:22', '2021-10-05 21:22:44');
INSERT INTO `edu_course` VALUES ('1459488279740030978', '', '', '', '', 0.00, 0, '/static/default_course_avoter.jpg', 0, 0, 1, 'Draft', 0, '2021-11-13 19:48:17', '2021-11-13 19:48:17');
INSERT INTO `edu_course` VALUES ('148', '1189389726308478977', '1178214681504444418', '1178214681483472898', 'Java精品课程', 0.01, 20, 'https://guli-edu5.oss-cn-beijing.aliyuncs.com/2021/10/06/1aab839f759340898a5a080e201f2b85wallhaven-z8zjdo.jpg', 151, 737, 6, 'Normal', 0, '2018-04-02 21:28:46', '2021-10-11 22:08:07');
INSERT INTO `edu_course` VALUES ('15', '1189389726308478977', '1101348944971091969', '1101348944920760321', 'HTML5入门课程学习22', 0.00, 23, 'https://guli-edu5.oss-cn-beijing.aliyuncs.com/2021/10/06/1aab839f759340898a5a080e201f2b85wallhaven-z8zjdo.jpg', 0, 51, 17, 'Normal', 0, '2018-04-02 18:34:32', '2019-11-12 10:19:20');
INSERT INTO `edu_course` VALUES ('18', '1189389726308478977', '1178214681504444418', '1178214681483472898', 'Java精品课程——完整版本', 0.01, 20, 'https://guli-edu5.oss-cn-beijing.aliyuncs.com/2021/10/06/1aab839f759340898a5a080e201f2b85wallhaven-z8zjdo.jpg', 151, 737, 6, 'Normal', 0, '2018-04-02 21:28:46', '2021-10-20 23:04:25');

-- ----------------------------
-- Table structure for edu_course_collect
-- ----------------------------
DROP TABLE IF EXISTS `edu_course_collect`;
CREATE TABLE `edu_course_collect`  (
  `id` char(19) CHARACTER SET utf8mb4 COLLATE utf8mb4_0900_ai_ci NOT NULL COMMENT '收藏ID',
  `course_id` char(19) CHARACTER SET utf8mb4 COLLATE utf8mb4_0900_ai_ci NOT NULL COMMENT '课程讲师ID',
  `member_id` char(19) CHARACTER SET utf8mb4 COLLATE utf8mb4_0900_ai_ci NOT NULL DEFAULT '' COMMENT '课程专业ID',
  `is_deleted` tinyint NOT NULL DEFAULT 0 COMMENT '逻辑删除 1（true）已删除， 0（false）未删除',
  `gmt_create` datetime NOT NULL COMMENT '创建时间',
  `gmt_modified` datetime NOT NULL COMMENT '更新时间',
  PRIMARY KEY (`id`) USING BTREE
) ENGINE = InnoDB CHARACTER SET = utf8mb4 COLLATE = utf8mb4_0900_ai_ci COMMENT = '课程收藏' ROW_FORMAT = COMPACT;

-- ----------------------------
-- Records of edu_course_collect
-- ----------------------------
INSERT INTO `edu_course_collect` VALUES ('1196269345666019330', '1192252213659774977', '1', 1, '2019-11-18 11:30:12', '2019-11-18 11:30:12');

-- ----------------------------
-- Table structure for edu_course_description
-- ----------------------------
DROP TABLE IF EXISTS `edu_course_description`;
CREATE TABLE `edu_course_description`  (
  `id` char(19) CHARACTER SET utf8mb4 COLLATE utf8mb4_0900_ai_ci NOT NULL COMMENT '课程ID',
  `description` text CHARACTER SET utf8mb4 COLLATE utf8mb4_0900_ai_ci NULL COMMENT '课程简介',
  `gmt_create` datetime NOT NULL COMMENT '创建时间',
  `gmt_modified` datetime NOT NULL COMMENT '更新时间',
  PRIMARY KEY (`id`) USING BTREE
) ENGINE = InnoDB CHARACTER SET = utf8mb4 COLLATE = utf8mb4_0900_ai_ci COMMENT = '课程简介' ROW_FORMAT = Dynamic;

-- ----------------------------
-- Records of edu_course_description
-- ----------------------------
INSERT INTO `edu_course_description` VALUES ('1192252213659774974', '<p>二维--</p>', '2021-09-29 00:33:44', '2021-10-11 22:08:07');
INSERT INTO `edu_course_description` VALUES ('1442875642067566594', '<ul>\n<li>哈哈</li>\n</ul>\n<h1><strong>撒几大</strong></h1>\n<p><strong><img class=\"wscnph\" src=\"data:image/jpeg;base64,/9j/4AAQSkZJRgABAQAAAQABAAD/4gIoSUNDX1BST0ZJTEUAAQEAAAIYAAAAAAIQAABtbnRyUkdCIFhZWiAAAAAAAAAAAAAAAABhY3NwAAAAAAAAAAAAAAAAAAAAAAAAAAAAAAAAAAAAAQAA9tYAAQAAAADTLQAAAAAAAAAAAAAAAAAAAAAAAAAAAAAAAAAAAAAAAAAAAAAAAAAAAAAAAAAAAAAAAAAAAAlkZXNjAAAA8AAAAHRyWFlaAAABZAAAABRnWFlaAAABeAAAABRiWFlaAAABjAAAABRyVFJDAAABoAAAAChnVFJDAAABoAAAAChiVFJDAAABoAAAACh3dHB0AAAByAAAABRjcHJ0AAAB3AAAADxtbHVjAAAAAAAAAAEAAAAMZW5VUwAAAFgAAAAcAHMAUgBHAEIAAAAAAAAAAAAAAAAAAAAAAAAAAAAAAAAAAAAAAAAAAAAAAAAAAAAAAAAAAAAAAAAAAAAAAAAAAAAAAAAAAAAAAAAAAAAAAAAAAAAAAAAAAFhZWiAAAAAAAABvogAAOPUAAAOQWFlaIAAAAAAAAGKZAAC3hQAAGNpYWVogAAAAAAAAJKAAAA+EAAC2z3BhcmEAAAAAAAQAAAACZmYAAPKnAAANWQAAE9AAAApbAAAAAAAAAABYWVogAAAAAAAA9tYAAQAAAADTLW1sdWMAAAAAAAAAAQAAAAxlblVTAAAAIAAAABwARwBvAG8AZwBsAGUAIABJAG4AYwAuACAAMgAwADEANv/bAEMAAwICAgICAwICAgMDAwMEBgQEBAQECAYGBQYJCAoKCQgJCQoMDwwKCw4LCQkNEQ0ODxAQERAKDBITEhATDxAQEP/bAEMBAwMDBAMECAQECBALCQsQEBAQEBAQEBAQEBAQEBAQEBAQEBAQEBAQEBAQEBAQEBAQEBAQEBAQEBAQEBAQEBAQEP/AABEIAIwAZAMBIgACEQEDEQH/xAAdAAABBAMBAQAAAAAAAAAAAAAIAAQGBwMFCQEC/8QANxAAAQMDAwIEBAQGAQUAAAAAAQIDBAAFEQYHEiExCBNBURQiYXEyQoGRCRUWM2KhFyNygpLB/8QAGgEAAgMBAQAAAAAAAAAAAAAAAwQAAgUBBv/EACIRAAICAgICAwEBAAAAAAAAAAABAgMEERIhBTETIkEUI//aAAwDAQACEQMRAD8AMcor5LdOiycV8eViqLodGpRXwUU7LZr5KPbtUciaGpa+UkjqPSvFgAkrXgD0phf9TWXTjDj1xlpRhJIT6mh61bvfqy9yXIum1/BxiSkPdDkfaouLLKMggZmoLJAUESbowgj8JKxn9s15b9QWi6KWiBPZeUnulKwTQVagtLsl1yXdrq+7Kd/uEOKAz6dAaaadavuhX03ey3l1D5OeClFQI/U1ZRizrUg7vlyeYyfavPLOeB6FPpQ1aS8TdwTe4th1NGDYUeKnSelEjCmx58duXFcS42tIJWDVZRcDikjIW6xqb604IzXnH61VPZ19mDgaVZuH0pVCElU1WMtU/LXTtXwprr2qwBSNZKLUZlyRIcCEoGSTVI7gbvTYbzrFgeDbLZx5netn4ityUaPtqLY26lL0kH82MYoPL/urBkLMFUjJUTkD3+9FhXsvyRNNabiXC7zlSbjcS+T69h+1QmVrsR3m0xEBLHX1qITF3u/zm2Lchb63DgNoGft2qwLf4X90r5Z0XB6CuOojkEEjtR1TBeynyz/COPa0E2UEyXshHUn3r4k6vTLfAaUAyj/LvWn1RtBuRpNp51+yvORE/nT1P+qrx12dDI89DrSuvyLBB/3RY1VlJW2Fh3S+CTJU8pYHxOOB9UkVdmwe/txss9vSepJJcjZCW3VHtQnG5rcIW84UhvsKeIvrsZDUmM6Q6hQUB69D712VCkgasZ1nt8+NPYQ6wsLQpII/WnfDn9D7UD+0ni0XbY7Fq1K2fLRhPmlXYfai70Tr/T+uLe3NtE5t9PHqkHBH6UjZXw9DMJbRJOBpVmpULRfZL1N5T/ie59qH7xH+Jqz7RQHYNvWh67Y+QJV+A1Y++e4re2WhZt8JAcKeLYz3J6Vyb3S1Fd9T6mmXO7Tlvuvq5AKPQCm6MdWPYg7WlpmPdbxBa83bvpkXmYryQo8EDA6fpWits2QSA6ols/iB7/vUbYabTJJKeuflNb2GoFSU9sEcjWmq+CAOXZKNK7sX7aW/tXezvJUhKgVIWgK5j9e1dFtj/EPC3a0ai5QIzZmsJAfZyBg9q5lawtHxEVM5aeJdT8o9sCpd4XNw77pnU6LJCufw7ctXEqPbpSmRU7I8kN49iT7Oi2odcfBOKYuFuZCVflUkKFUzuPo3bPWzC7jIsKUTT+B9nJAP/ampiE/GyY8K/ureTJHVziQOo96lln0ErRKEXOIlK4IOVJWArOfvWXCxp8TWlFWR6Auc8N11mzZDzCVphgjgrh3z9KeRPCnqKTOZjKkEMKyS5x710B/k1pk21V4hRkBTqCVJAHXpVB6215LsbwRb8JTAKh16Z5Vy3LvT6GfG4NV9nxS/QctTeF/VtkD8uzPma00AVJSkCofozcjXW1F/dESe5EeQoBbJ+YUZWzmvrbfC7bLrLQeeQ4pQB79qFbxR6P8A6X3LekQyHGJywUKT2pvFtdq+4h5PDlh2Srj6QZO1u9L+qtFQL3cAS++DzPuQaVRfYOwRm9rrQl9v5+Kien1pUXhAUXoe/wAQ68S4Oi4EVlSghwnl+4rnvqBlUp5MkuEocSOuPpRxfxMtUKg2CBbxjk5y49PqKAuyX5E2ytxZbo8xGeppjFi4R2JWyUpaR8JYaaI4NEj1IGaf24IdlIKccOQ5miI8F+0Fp3U1HcIl/g/FwePHkegBIODUY8SPh4vOxuqFs2xS50WQpSmOKMYHtXf7Fy4sL/HKcdoqzX9wQmcuG08HWUIHFQ6Y6VWlnusu2zQ7FcUlaF80rBwQQc09v8i68y3NYdZcz1Cknr+tMo8QJOcdVUxHUo6AWJ1MPTYPxNNaw0sxpXVlvRMnxgEpcyEleO3b7URELWL+pYfwLzJiRig4bJz2HSuXm12oV6O1XCuAX/0fMAUn79KPT/kCLDszdyZQFF5oFtQPfp1rHycf45ckbOHZyj2W1btfRLJpH4d51Jks8w6CfwjPShA343Gbl3IwrWc/EKPm8TWS57kS5zs2Q0VcXs8hy74qu9Ipi6jvtxN0YUsqUny85PGuVUTjHcxirL+C3/P8JRt5dHYAy2Vl1zHEgnpWs3nvTz8+0NzsrWFkuEnJxkVY1r07As/9pklKRlRI7VArvou97i608iKglhtQDZx+9GocW9C+VOy7c/1hXbO6t0snb61p+NQnCCCDSppoLw0RoWl4ceZdHA6ASroR3pUb6CqGX8Sfb8XXQ7WpvMz8IDgfc1y6isz3X0W2IlS5DiuKQK7E+OtiK5tRMVMjlxAT/bz65rk9o26Q9Na5g3W5Rg8w1IHJk9MJ5e9Wom41PQvwri0kHN4BbxdtF3ZGk3GHTKeAMkKaIGMZHzYos97do1a/Y+Pty0IlrbVgqQFcTj61sNlEbcai0vb9W6ViRgJDKeTiQOWQMfep5/MWI0pTGQEH3ry+TdONu2erxa9JcDmLrfwcbx3m0XGbdpaQ1B5ONoDKQVJ6nuKEd+E9BkLiPpw4ytTZH1BxXdPVV3gOWe5JUhHFEdwKUeg6pNcVNw4jMfW10aZV0TIWU4+qjW34nKnc2jI8ziuqtSNbpq0vXu8x7bHaJdKwRiiqlxrlb9LRIEhfBbLZB/UVSWzwOnrw3e5cbzQ+cNKI7elXfMeeuLhE13KlDPH2FO5LmktieGk4lcy47se0eeFEKZUeZ98mrF2Z0vFurInobBIIKyBkioRqRmYtT7DDZcYUpIXgdutEtsFFtWn7It6Bp1xT/FPMryOX6Glcm6NFehnFpstnx10aHcDzLUwGoGFMugB7KcYrf7H6XblTf5ghkcQQUHvn3rHuJKi3SXOTebYqKjA4DrVoeGqwtSdOtvss8GAo4V3z1odEoyi5INmQdH1fouO2WcIhNp49hSqTNR0ttpQB2FKubMvkUb4zrcqVt64twEspQrzjjt7VyAvERC7w6UejhAP613c3N0Xb9eaQuFgngFuQ33x6iuOO9u1M7Q2trpCjtq+Giu5zx7Zp3DkoR1IBbBdJFt+F3xE37ZtaLBeg7ItK8ZyThA70b+mN7dBbhMtmPdUNyHvwpJxxoENjtDXjcDR84MRxIXHSniviMprFL0rqfQV1TInLkJIXlSk5ATg9O1I5eHHIluJt4WXZiacg2t575JkaYm2iwSuCQkea4O5Fcxtx2I39ZzlxMFAUPmz3PrRv2TXNo1lphKZl5DExLRTIUpPcY6f6oMtw7ZAOt7jFsKjJaUsBKgD1NX8diyx3I55XOWXXFIm2lk222bbImTIxkv3EjyQBjyuKvepjZmJd1LDCVeY+4Me2famuj7BqJzQcDTqdPqUoZJcJ7dc1K7RoDcBMht+32pxp1v8AtL9qbu5TiIUQcFsmW3u2qE3QSdVQAIsYha0k9D6jrV76e3J0fKTd1RLa0xGt6UJQUjp2xVWTJGsoeiRaHWlybxOHGQsI4+Xg9P8AVaHTtqvunNGX9u4IcEuR5YSnjk5JrEyapXwbPT4dtUOMf0vLUyNB7gaMjXJxltqU5zShY9OuKsHZLSbOltExISFhaklRzjuCaF+y23Vbegv5App0yo7iVIVjuFKzRZ7bQrpB03CizUnzQgcifSrY8Jxjoz/KWRtilElvlg0qzDHrSpswTMrHl4UOh6JFBR44tuodus07UUWAHHLgUh1YHbBwKNkfKSsDly/CPaofult7C3J0bM01PCU+eMoWRkgjrV65aZ33IDjwy2V/QehkS2WwHJ/UE+uD2qwNwtD6i1rZVzxZER0rHTsSafaT0LA0u1G0jebwfPtS1Hh5ZHm5ORVhaguN4jwWVpSGWVFKUN4H4c4NLzk1ZyNarUo6AT1FpG7aWdfiy0KbCQroDjNafY7bk3nUTk68RjnzMpCuuetFZvxo2x3pp1ERoIeeQkoUD6461UW207+kdQJs17QppzkA24U9D+tO15MZR0mVlQo2ptdBF6V0fBjMNtpjowAPy1Y1tssNpKUBhH/qK1GnEtvREPIwQQCCKlsJPZVKOUlLZ25w6WujEjS9sfOXI6Ff+Ip0jQmnHhh2ChXqenetnHBBA44rYtJAAPLFdQjKxrtGujaTsTRCm4KE4+lbdpltpIbaASB2rInljPL/AFXpIPp1qwHm2fPD6Uq+qVQqKl36UqVRrUdnfS2V5uLo6K6+zqaJH5SYZ5Lx+YVXly3EseuNQK09bXiHIHFIb4EFRI60QjiEuIKFoBQoEYPrVPXPaqJprX7esrCwEfFKPxCcdM4wKpbHdexrFu0+zbWvam2y1MzNQIDqljJSo49K1e5W1ugpej5MyPY0syoeOOFHkk56HNT96TbocJQvkwKXbgFk5xy5dfSqi1zus1OdlRrQtLceWOCySD2GB0NYsJzrkeloqllS3ro0+1OpbjEf/py8sfgOGHiejg/+Yq6oLWQMDkk9ftQw6X1lbFpm6SuUhUefDUFsTAgnmSc46ftV07Ua4kahYct9waV8TEwlSyMcx6GtSi3kuzN8ljSqsevRZkdNPmwfam0fFPEEelHRhSMtKlSqxVIVKlSqHRUqVKoQ8OCnBHasb7DclstqHX3xWTJ5VkUAByA64qP0RPXaKs1ftNfdSS3JETVqozbndHlZyKjDXhohqy5PuqpTijnIBTV7BRUpOa9bPNxIV260GMENw8ndrSZVNu2P09b3AtUFKlDHzHuam9n0lbbQnMSElB9SO9SFCQckj1rGVHkR6UXSQK3Kts9swNxeFZUpIrIO1epGDXQJ5SpUqhBUqVKoQ//Z\" width=\"100\" height=\"140\" /></strong></p>', '2021-09-28 23:35:35', '2021-09-28 23:35:35');
INSERT INTO `edu_course_description` VALUES ('1442878893504602113', '<p>121</p>', '2021-09-28 23:48:30', '2021-09-28 23:48:30');
INSERT INTO `edu_course_description` VALUES ('1459488279740030978', '', '2021-11-13 19:48:17', '2021-11-13 19:48:17');
INSERT INTO `edu_course_description` VALUES ('18', '<p>二维--</p>\n<ul>\n<li>哈哈</li>\n</ul>\n<h1><strong>撒几大</strong></h1>\n<p><strong><img class=\"wscnph\" src=\"data:image/jpeg;base64,/9j/4AAQSkZJRgABAQAAAQABAAD/4gIoSUNDX1BST0ZJTEUAAQEAAAIYAAAAAAIQAABtbnRyUkdCIFhZWiAAAAAAAAAAAAAAAABhY3NwAAAAAAAAAAAAAAAAAAAAAAAAAAAAAAAAAAAAAQAA9tYAAQAAAADTLQAAAAAAAAAAAAAAAAAAAAAAAAAAAAAAAAAAAAAAAAAAAAAAAAAAAAAAAAAAAAAAAAAAAAlkZXNjAAAA8AAAAHRyWFlaAAABZAAAABRnWFlaAAABeAAAABRiWFlaAAABjAAAABRyVFJDAAABoAAAAChnVFJDAAABoAAAAChiVFJDAAABoAAAACh3dHB0AAAByAAAABRjcHJ0AAAB3AAAADxtbHVjAAAAAAAAAAEAAAAMZW5VUwAAAFgAAAAcAHMAUgBHAEIAAAAAAAAAAAAAAAAAAAAAAAAAAAAAAAAAAAAAAAAAAAAAAAAAAAAAAAAAAAAAAAAAAAAAAAAAAAAAAAAAAAAAAAAAAAAAAAAAAAAAAAAAAFhZWiAAAAAAAABvogAAOPUAAAOQWFlaIAAAAAAAAGKZAAC3hQAAGNpYWVogAAAAAAAAJKAAAA+EAAC2z3BhcmEAAAAAAAQAAAACZmYAAPKnAAANWQAAE9AAAApbAAAAAAAAAABYWVogAAAAAAAA9tYAAQAAAADTLW1sdWMAAAAAAAAAAQAAAAxlblVTAAAAIAAAABwARwBvAG8AZwBsAGUAIABJAG4AYwAuACAAMgAwADEANv/bAEMAAwICAgICAwICAgMDAwMEBgQEBAQECAYGBQYJCAoKCQgJCQoMDwwKCw4LCQkNEQ0ODxAQERAKDBITEhATDxAQEP/bAEMBAwMDBAMECAQECBALCQsQEBAQEBAQEBAQEBAQEBAQEBAQEBAQEBAQEBAQEBAQEBAQEBAQEBAQEBAQEBAQEBAQEP/AABEIAIwAZAMBIgACEQEDEQH/xAAdAAABBAMBAQAAAAAAAAAAAAAIAAQGBwMFCQEC/8QANxAAAQMDAwIEBAQGAQUAAAAAAQIDBAAFEQYHEiExCBNBURQiYXEyQoGRCRUWM2KhFyNygpLB/8QAGgEAAgMBAQAAAAAAAAAAAAAAAwQAAgUBBv/EACIRAAICAgICAwEBAAAAAAAAAAABAgMEERIhBTETIkEUI//aAAwDAQACEQMRAD8AMcor5LdOiycV8eViqLodGpRXwUU7LZr5KPbtUciaGpa+UkjqPSvFgAkrXgD0phf9TWXTjDj1xlpRhJIT6mh61bvfqy9yXIum1/BxiSkPdDkfaouLLKMggZmoLJAUESbowgj8JKxn9s15b9QWi6KWiBPZeUnulKwTQVagtLsl1yXdrq+7Kd/uEOKAz6dAaaadavuhX03ey3l1D5OeClFQI/U1ZRizrUg7vlyeYyfavPLOeB6FPpQ1aS8TdwTe4th1NGDYUeKnSelEjCmx58duXFcS42tIJWDVZRcDikjIW6xqb604IzXnH61VPZ19mDgaVZuH0pVCElU1WMtU/LXTtXwprr2qwBSNZKLUZlyRIcCEoGSTVI7gbvTYbzrFgeDbLZx5netn4ityUaPtqLY26lL0kH82MYoPL/urBkLMFUjJUTkD3+9FhXsvyRNNabiXC7zlSbjcS+T69h+1QmVrsR3m0xEBLHX1qITF3u/zm2Lchb63DgNoGft2qwLf4X90r5Z0XB6CuOojkEEjtR1TBeynyz/COPa0E2UEyXshHUn3r4k6vTLfAaUAyj/LvWn1RtBuRpNp51+yvORE/nT1P+qrx12dDI89DrSuvyLBB/3RY1VlJW2Fh3S+CTJU8pYHxOOB9UkVdmwe/txss9vSepJJcjZCW3VHtQnG5rcIW84UhvsKeIvrsZDUmM6Q6hQUB69D712VCkgasZ1nt8+NPYQ6wsLQpII/WnfDn9D7UD+0ni0XbY7Fq1K2fLRhPmlXYfai70Tr/T+uLe3NtE5t9PHqkHBH6UjZXw9DMJbRJOBpVmpULRfZL1N5T/ie59qH7xH+Jqz7RQHYNvWh67Y+QJV+A1Y++e4re2WhZt8JAcKeLYz3J6Vyb3S1Fd9T6mmXO7Tlvuvq5AKPQCm6MdWPYg7WlpmPdbxBa83bvpkXmYryQo8EDA6fpWits2QSA6ols/iB7/vUbYabTJJKeuflNb2GoFSU9sEcjWmq+CAOXZKNK7sX7aW/tXezvJUhKgVIWgK5j9e1dFtj/EPC3a0ai5QIzZmsJAfZyBg9q5lawtHxEVM5aeJdT8o9sCpd4XNw77pnU6LJCufw7ctXEqPbpSmRU7I8kN49iT7Oi2odcfBOKYuFuZCVflUkKFUzuPo3bPWzC7jIsKUTT+B9nJAP/ampiE/GyY8K/ureTJHVziQOo96lln0ErRKEXOIlK4IOVJWArOfvWXCxp8TWlFWR6Auc8N11mzZDzCVphgjgrh3z9KeRPCnqKTOZjKkEMKyS5x710B/k1pk21V4hRkBTqCVJAHXpVB6215LsbwRb8JTAKh16Z5Vy3LvT6GfG4NV9nxS/QctTeF/VtkD8uzPma00AVJSkCofozcjXW1F/dESe5EeQoBbJ+YUZWzmvrbfC7bLrLQeeQ4pQB79qFbxR6P8A6X3LekQyHGJywUKT2pvFtdq+4h5PDlh2Srj6QZO1u9L+qtFQL3cAS++DzPuQaVRfYOwRm9rrQl9v5+Kien1pUXhAUXoe/wAQ68S4Oi4EVlSghwnl+4rnvqBlUp5MkuEocSOuPpRxfxMtUKg2CBbxjk5y49PqKAuyX5E2ytxZbo8xGeppjFi4R2JWyUpaR8JYaaI4NEj1IGaf24IdlIKccOQ5miI8F+0Fp3U1HcIl/g/FwePHkegBIODUY8SPh4vOxuqFs2xS50WQpSmOKMYHtXf7Fy4sL/HKcdoqzX9wQmcuG08HWUIHFQ6Y6VWlnusu2zQ7FcUlaF80rBwQQc09v8i68y3NYdZcz1Cknr+tMo8QJOcdVUxHUo6AWJ1MPTYPxNNaw0sxpXVlvRMnxgEpcyEleO3b7URELWL+pYfwLzJiRig4bJz2HSuXm12oV6O1XCuAX/0fMAUn79KPT/kCLDszdyZQFF5oFtQPfp1rHycf45ckbOHZyj2W1btfRLJpH4d51Jks8w6CfwjPShA343Gbl3IwrWc/EKPm8TWS57kS5zs2Q0VcXs8hy74qu9Ipi6jvtxN0YUsqUny85PGuVUTjHcxirL+C3/P8JRt5dHYAy2Vl1zHEgnpWs3nvTz8+0NzsrWFkuEnJxkVY1r07As/9pklKRlRI7VArvou97i608iKglhtQDZx+9GocW9C+VOy7c/1hXbO6t0snb61p+NQnCCCDSppoLw0RoWl4ceZdHA6ASroR3pUb6CqGX8Sfb8XXQ7WpvMz8IDgfc1y6isz3X0W2IlS5DiuKQK7E+OtiK5tRMVMjlxAT/bz65rk9o26Q9Na5g3W5Rg8w1IHJk9MJ5e9Wom41PQvwri0kHN4BbxdtF3ZGk3GHTKeAMkKaIGMZHzYos97do1a/Y+Pty0IlrbVgqQFcTj61sNlEbcai0vb9W6ViRgJDKeTiQOWQMfep5/MWI0pTGQEH3ry+TdONu2erxa9JcDmLrfwcbx3m0XGbdpaQ1B5ONoDKQVJ6nuKEd+E9BkLiPpw4ytTZH1BxXdPVV3gOWe5JUhHFEdwKUeg6pNcVNw4jMfW10aZV0TIWU4+qjW34nKnc2jI8ziuqtSNbpq0vXu8x7bHaJdKwRiiqlxrlb9LRIEhfBbLZB/UVSWzwOnrw3e5cbzQ+cNKI7elXfMeeuLhE13KlDPH2FO5LmktieGk4lcy47se0eeFEKZUeZ98mrF2Z0vFurInobBIIKyBkioRqRmYtT7DDZcYUpIXgdutEtsFFtWn7It6Bp1xT/FPMryOX6Glcm6NFehnFpstnx10aHcDzLUwGoGFMugB7KcYrf7H6XblTf5ghkcQQUHvn3rHuJKi3SXOTebYqKjA4DrVoeGqwtSdOtvss8GAo4V3z1odEoyi5INmQdH1fouO2WcIhNp49hSqTNR0ttpQB2FKubMvkUb4zrcqVt64twEspQrzjjt7VyAvERC7w6UejhAP613c3N0Xb9eaQuFgngFuQ33x6iuOO9u1M7Q2trpCjtq+Giu5zx7Zp3DkoR1IBbBdJFt+F3xE37ZtaLBeg7ItK8ZyThA70b+mN7dBbhMtmPdUNyHvwpJxxoENjtDXjcDR84MRxIXHSniviMprFL0rqfQV1TInLkJIXlSk5ATg9O1I5eHHIluJt4WXZiacg2t575JkaYm2iwSuCQkea4O5Fcxtx2I39ZzlxMFAUPmz3PrRv2TXNo1lphKZl5DExLRTIUpPcY6f6oMtw7ZAOt7jFsKjJaUsBKgD1NX8diyx3I55XOWXXFIm2lk222bbImTIxkv3EjyQBjyuKvepjZmJd1LDCVeY+4Me2famuj7BqJzQcDTqdPqUoZJcJ7dc1K7RoDcBMht+32pxp1v8AtL9qbu5TiIUQcFsmW3u2qE3QSdVQAIsYha0k9D6jrV76e3J0fKTd1RLa0xGt6UJQUjp2xVWTJGsoeiRaHWlybxOHGQsI4+Xg9P8AVaHTtqvunNGX9u4IcEuR5YSnjk5JrEyapXwbPT4dtUOMf0vLUyNB7gaMjXJxltqU5zShY9OuKsHZLSbOltExISFhaklRzjuCaF+y23Vbegv5App0yo7iVIVjuFKzRZ7bQrpB03CizUnzQgcifSrY8Jxjoz/KWRtilElvlg0qzDHrSpswTMrHl4UOh6JFBR44tuodus07UUWAHHLgUh1YHbBwKNkfKSsDly/CPaofult7C3J0bM01PCU+eMoWRkgjrV65aZ33IDjwy2V/QehkS2WwHJ/UE+uD2qwNwtD6i1rZVzxZER0rHTsSafaT0LA0u1G0jebwfPtS1Hh5ZHm5ORVhaguN4jwWVpSGWVFKUN4H4c4NLzk1ZyNarUo6AT1FpG7aWdfiy0KbCQroDjNafY7bk3nUTk68RjnzMpCuuetFZvxo2x3pp1ERoIeeQkoUD6461UW207+kdQJs17QppzkA24U9D+tO15MZR0mVlQo2ptdBF6V0fBjMNtpjowAPy1Y1tssNpKUBhH/qK1GnEtvREPIwQQCCKlsJPZVKOUlLZ25w6WujEjS9sfOXI6Ff+Ip0jQmnHhh2ChXqenetnHBBA44rYtJAAPLFdQjKxrtGujaTsTRCm4KE4+lbdpltpIbaASB2rInljPL/AFXpIPp1qwHm2fPD6Uq+qVQqKl36UqVRrUdnfS2V5uLo6K6+zqaJH5SYZ5Lx+YVXly3EseuNQK09bXiHIHFIb4EFRI60QjiEuIKFoBQoEYPrVPXPaqJprX7esrCwEfFKPxCcdM4wKpbHdexrFu0+zbWvam2y1MzNQIDqljJSo49K1e5W1ugpej5MyPY0syoeOOFHkk56HNT96TbocJQvkwKXbgFk5xy5dfSqi1zus1OdlRrQtLceWOCySD2GB0NYsJzrkeloqllS3ro0+1OpbjEf/py8sfgOGHiejg/+Yq6oLWQMDkk9ftQw6X1lbFpm6SuUhUefDUFsTAgnmSc46ftV07Ua4kahYct9waV8TEwlSyMcx6GtSi3kuzN8ljSqsevRZkdNPmwfam0fFPEEelHRhSMtKlSqxVIVKlSqHRUqVKoQ8OCnBHasb7DclstqHX3xWTJ5VkUAByA64qP0RPXaKs1ftNfdSS3JETVqozbndHlZyKjDXhohqy5PuqpTijnIBTV7BRUpOa9bPNxIV260GMENw8ndrSZVNu2P09b3AtUFKlDHzHuam9n0lbbQnMSElB9SO9SFCQckj1rGVHkR6UXSQK3Kts9swNxeFZUpIrIO1epGDXQJ5SpUqhBUqVKoQ//Z\" width=\"100\" height=\"140\" /></strong></p>', '2021-09-29 00:33:44', '2021-10-20 23:04:26');

-- ----------------------------
-- Table structure for edu_subject
-- ----------------------------
DROP TABLE IF EXISTS `edu_subject`;
CREATE TABLE `edu_subject`  (
  `id` char(19) CHARACTER SET utf8mb4 COLLATE utf8mb4_0900_ai_ci NOT NULL COMMENT '课程类别ID',
  `title` varchar(10) CHARACTER SET utf8mb4 COLLATE utf8mb4_0900_ai_ci NOT NULL COMMENT '类别名称',
  `parent_id` char(19) CHARACTER SET utf8mb4 COLLATE utf8mb4_0900_ai_ci NOT NULL DEFAULT '0' COMMENT '父ID',
  `sort` int UNSIGNED NOT NULL DEFAULT 0 COMMENT '排序字段',
  `gmt_create` datetime NOT NULL COMMENT '创建时间',
  `gmt_modified` datetime NOT NULL COMMENT '更新时间',
  PRIMARY KEY (`id`) USING BTREE,
  INDEX `idx_parent_id`(`parent_id`) USING BTREE
) ENGINE = InnoDB CHARACTER SET = utf8mb4 COLLATE = utf8mb4_0900_ai_ci COMMENT = '课程科目' ROW_FORMAT = COMPACT;

-- ----------------------------
-- Records of edu_subject
-- ----------------------------
INSERT INTO `edu_subject` VALUES ('1178214681118568449', '后端开发', '0', 1, '2019-09-29 15:47:25', '2019-09-29 15:47:25');
INSERT INTO `edu_subject` VALUES ('1178214681139539969', 'Java', '1178214681118568449', 1, '2019-09-29 15:47:25', '2019-09-29 15:47:25');
INSERT INTO `edu_subject` VALUES ('1178214681181483010', '前端开发', '0', 3, '2019-09-29 15:47:25', '2019-09-29 15:47:25');
INSERT INTO `edu_subject` VALUES ('1178214681210843137', 'JavaScript', '1178214681181483010', 4, '2019-09-29 15:47:25', '2019-09-29 15:47:25');
INSERT INTO `edu_subject` VALUES ('1178214681231814658', '云计算', '0', 5, '2019-09-29 15:47:25', '2019-09-29 15:47:25');
INSERT INTO `edu_subject` VALUES ('1178214681252786178', 'Docker', '1178214681231814658', 5, '2019-09-29 15:47:25', '2019-09-29 15:47:25');
INSERT INTO `edu_subject` VALUES ('1178214681294729217', 'Linux', '1178214681231814658', 6, '2019-09-29 15:47:25', '2019-09-29 15:47:25');
INSERT INTO `edu_subject` VALUES ('1178214681324089345', '系统/运维', '0', 7, '2019-09-29 15:47:25', '2019-09-29 15:47:25');
INSERT INTO `edu_subject` VALUES ('1178214681353449473', 'Linux', '1178214681324089345', 7, '2019-09-29 15:47:25', '2019-09-29 15:47:25');
INSERT INTO `edu_subject` VALUES ('1178214681382809602', 'Windows', '1178214681324089345', 8, '2019-09-29 15:47:25', '2019-09-29 15:47:25');
INSERT INTO `edu_subject` VALUES ('1178214681399586817', '数据库', '0', 9, '2019-09-29 15:47:25', '2019-09-29 15:47:25');
INSERT INTO `edu_subject` VALUES ('1178214681428946945', 'MySQL', '1178214681399586817', 9, '2019-09-29 15:47:25', '2019-09-29 15:47:25');
INSERT INTO `edu_subject` VALUES ('1178214681454112770', 'MongoDB', '1178214681399586817', 10, '2019-09-29 15:47:25', '2019-09-29 15:47:25');
INSERT INTO `edu_subject` VALUES ('1178214681483472898', '大数据', '0', 11, '2019-09-29 15:47:25', '2019-09-29 15:47:25');
INSERT INTO `edu_subject` VALUES ('1178214681504444418', 'Hadoop', '1178214681483472898', 11, '2019-09-29 15:47:25', '2019-09-29 15:47:25');
INSERT INTO `edu_subject` VALUES ('1178214681529610242', 'Spark', '1178214681483472898', 12, '2019-09-29 15:47:25', '2019-09-29 15:47:25');
INSERT INTO `edu_subject` VALUES ('1178214681554776066', '人工智能', '0', 13, '2019-09-29 15:47:25', '2019-09-29 15:47:25');
INSERT INTO `edu_subject` VALUES ('1178214681584136193', 'Python', '1178214681554776066', 13, '2019-09-29 15:47:25', '2019-09-29 15:47:25');
INSERT INTO `edu_subject` VALUES ('1178214681613496321', '编程语言', '0', 14, '2019-09-29 15:47:25', '2019-09-29 15:47:25');
INSERT INTO `edu_subject` VALUES ('1178214681626079234', 'Java', '1178214681613496321', 14, '2019-09-29 15:47:25', '2019-09-29 15:47:25');
INSERT INTO `edu_subject` VALUES ('1178585108407984130', 'Python', '1178214681118568449', 2, '2019-09-30 16:19:22', '2019-09-30 16:19:22');
INSERT INTO `edu_subject` VALUES ('1178585108454121473', 'HTML/CSS', '1178214681181483010', 3, '2019-09-30 16:19:22', '2019-09-30 16:19:22');

-- ----------------------------
-- Table structure for edu_teacher
-- ----------------------------
DROP TABLE IF EXISTS `edu_teacher`;
CREATE TABLE `edu_teacher`  (
  `id` char(19) CHARACTER SET utf8mb4 COLLATE utf8mb4_0900_ai_ci NOT NULL COMMENT '讲师ID',
  `name` varchar(20) CHARACTER SET utf8mb4 COLLATE utf8mb4_0900_ai_ci NOT NULL COMMENT '讲师姓名',
  `intro` varchar(500) CHARACTER SET utf8mb4 COLLATE utf8mb4_0900_ai_ci NOT NULL DEFAULT '' COMMENT '讲师简介',
  `career` varchar(500) CHARACTER SET utf8mb4 COLLATE utf8mb4_0900_ai_ci NULL DEFAULT NULL COMMENT '讲师资历,一句话说明讲师',
  `level` int UNSIGNED NOT NULL COMMENT '头衔 1高级讲师 2首席讲师',
  `avatar` varchar(255) CHARACTER SET utf8mb4 COLLATE utf8mb4_0900_ai_ci NULL DEFAULT NULL COMMENT '讲师头像',
  `sort` int UNSIGNED NOT NULL DEFAULT 0 COMMENT '排序',
  `is_deleted` tinyint UNSIGNED NOT NULL DEFAULT 0 COMMENT '逻辑删除 1（true）已删除， 0（false）未删除',
  `gmt_create` datetime NOT NULL COMMENT '创建时间',
  `gmt_modified` datetime NOT NULL COMMENT '更新时间',
  PRIMARY KEY (`id`) USING BTREE,
  UNIQUE INDEX `uk_name`(`name`) USING BTREE
) ENGINE = InnoDB CHARACTER SET = utf8mb4 COLLATE = utf8mb4_0900_ai_ci COMMENT = '讲师' ROW_FORMAT = Dynamic;

-- ----------------------------
-- Records of edu_teacher
-- ----------------------------
INSERT INTO `edu_teacher` VALUES ('1', '张三', '近年主持国家自然科学基金（6项）、江苏省重大科技成果转化项目（5项）、江苏省产学研前瞻性联合研究项目（3项）、省工业科技支撑、省高技术、省自然科学基金等省部级及其企业的主要科研项目40多个，多个项目在企业成功转化，产生了较好的经济、社会和环境效益。积极开展产学研科技合作，并与省内16家企业建立了江苏省研究生工作站，其中6家为江苏省优秀研究生工作站', '高级', 1, 'https://guli-edu5.oss-cn-beijing.aliyuncs.com/2021/09/25/04a3bbbc2e01468984b83267e83cc783file.png', 0, 0, '2019-10-30 14:18:46', '2019-11-12 13:36:36');
INSERT INTO `edu_teacher` VALUES ('11', '张三1', '近年主持国家自然科学基金（6项）、江苏省重大科技成果转化项目（5项）、江苏省产学研前瞻性联合研究项目（3项）、省工业科技支撑、省高技术、省自然科学基金等省部级及其企业的主要科研项目40多个，多个项目在企业成功转化，产生了较好的经济、社会和环境效益。积极开展产学研科技合作，并与省内16家企业建立了江苏省研究生工作站，其中6家为江苏省优秀研究生工作站', '高级', 1, 'https://guli-edu5.oss-cn-beijing.aliyuncs.com/2021/09/25/04a3bbbc2e01468984b83267e83cc783file.png', 0, 0, '2019-10-30 14:18:46', '2019-11-12 13:36:36');
INSERT INTO `edu_teacher` VALUES ('1189389726308478977', '晴天', '高级讲师简介', '高级讲师资历', 2, 'https://guli-edu5.oss-cn-beijing.aliyuncs.com/2021/09/25/04a3bbbc2e01468984b83267e83cc783file.png', 1, 0, '2019-10-30 11:53:03', '2019-10-30 11:53:03');
INSERT INTO `edu_teacher` VALUES ('1189389726308478978', '晴天1', '高级讲师简介', '高级讲师资历', 2, 'https://guli-edu5.oss-cn-beijing.aliyuncs.com/2021/09/25/04a3bbbc2e01468984b83267e83cc783file.png', 1, 0, '2019-10-30 11:53:03', '2019-10-30 11:53:03');
INSERT INTO `edu_teacher` VALUES ('1189390295668469762', '李刚', '高级讲师简介', '高级讲师', 2, 'https://guli-edu5.oss-cn-beijing.aliyuncs.com/2021/09/25/04a3bbbc2e01468984b83267e83cc783file.png', 2, 0, '2019-10-30 11:55:19', '2019-11-12 13:37:52');
INSERT INTO `edu_teacher` VALUES ('1189390295668469768', '李刚1', '高级讲师简介', '高级讲师', 2, 'https://guli-edu5.oss-cn-beijing.aliyuncs.com/2021/09/25/04a3bbbc2e01468984b83267e83cc783file.png', 2, 0, '2019-10-30 11:55:19', '2019-11-12 13:37:52');
INSERT INTO `edu_teacher` VALUES ('1189426437876985857', '王二', '高级讲师简介', '高级讲师', 1, 'https://guli-edu5.oss-cn-beijing.aliyuncs.com/2021/09/25/04a3bbbc2e01468984b83267e83cc783file.png', 0, 0, '2019-10-30 14:18:56', '2019-11-12 13:37:35');
INSERT INTO `edu_teacher` VALUES ('1189426437876985858', '王二1', '高级讲师简介', '高级讲师', 1, 'https://guli-edu5.oss-cn-beijing.aliyuncs.com/2021/09/25/04a3bbbc2e01468984b83267e83cc783file.png', 0, 0, '2019-10-30 14:18:56', '2019-11-12 13:37:35');
INSERT INTO `edu_teacher` VALUES ('1189426464967995393', '王五', '高级讲师简介', '高级讲师', 1, 'https://guli-edu5.oss-cn-beijing.aliyuncs.com/2021/09/25/04a3bbbc2e01468984b83267e83cc783file.png', 0, 1, '2019-10-30 14:19:02', '2019-11-12 13:37:18');
INSERT INTO `edu_teacher` VALUES ('1189426464967995398', '王五1', '高级讲师简介', '高级讲师', 1, 'https://guli-edu5.oss-cn-beijing.aliyuncs.com/2021/09/25/04a3bbbc2e01468984b83267e83cc783file.png', 0, 1, '2019-10-30 14:19:02', '2019-11-12 13:37:18');
INSERT INTO `edu_teacher` VALUES ('1192249914833055746', '李四', '高级讲师简介', '高级讲师', 1, 'https://guli-edu5.oss-cn-beijing.aliyuncs.com/2021/09/25/04a3bbbc2e01468984b83267e83cc783file.png', 0, 0, '2019-11-07 09:18:25', '2019-11-12 13:37:01');
INSERT INTO `edu_teacher` VALUES ('1192249914833055748', '李四1', '高级讲师简介', '高级讲师', 1, 'https://guli-edu5.oss-cn-beijing.aliyuncs.com/2021/09/25/04a3bbbc2e01468984b83267e83cc783file.png', 0, 0, '2019-11-07 09:18:25', '2019-11-12 13:37:01');
INSERT INTO `edu_teacher` VALUES ('1444950573643239421', '苟文2', '213131', '11', 1, 'https://guli-edu5.oss-cn-beijing.aliyuncs.com/2021/10/04/1f561a4cff744649bc380e94eeff91effile.png', 1, 1, '2021-10-04 17:00:37', '2021-10-04 17:00:37');
INSERT INTO `edu_teacher` VALUES ('1444950573643239426', '苟文', '213131', '11', 1, 'https://guli-edu5.oss-cn-beijing.aliyuncs.com/2021/10/04/1f561a4cff744649bc380e94eeff91effile.png', 1, 0, '2021-10-04 17:00:37', '2021-10-04 17:00:37');
INSERT INTO `edu_teacher` VALUES ('1444950573643239428', '苟文1', '213131', '11', 1, 'https://guli-edu5.oss-cn-beijing.aliyuncs.com/2021/10/04/1f561a4cff744649bc380e94eeff91effile.png', 1, 1, '2021-10-04 17:00:37', '2021-10-04 17:00:37');

-- ----------------------------
-- Table structure for edu_video
-- ----------------------------
DROP TABLE IF EXISTS `edu_video`;
CREATE TABLE `edu_video`  (
  `id` char(19) CHARACTER SET utf8mb4 COLLATE utf8mb4_0900_ai_ci NOT NULL COMMENT '视频ID',
  `course_id` char(19) CHARACTER SET utf8mb4 COLLATE utf8mb4_0900_ai_ci NOT NULL COMMENT '课程ID',
  `chapter_id` char(19) CHARACTER SET utf8mb4 COLLATE utf8mb4_0900_ai_ci NOT NULL COMMENT '章节ID',
  `title` varchar(50) CHARACTER SET utf8mb4 COLLATE utf8mb4_0900_ai_ci NOT NULL COMMENT '节点名称',
  `video_source_id` varchar(100) CHARACTER SET utf8mb4 COLLATE utf8mb4_0900_ai_ci NULL DEFAULT NULL COMMENT '云端视频资源',
  `video_original_name` varchar(100) CHARACTER SET utf8mb4 COLLATE utf8mb4_0900_ai_ci NULL DEFAULT NULL COMMENT '原始文件名称',
  `sort` int UNSIGNED NOT NULL DEFAULT 0 COMMENT '排序字段',
  `play_count` bigint UNSIGNED NOT NULL DEFAULT 0 COMMENT '播放次数',
  `is_free` tinyint UNSIGNED NOT NULL DEFAULT 0 COMMENT '是否可以试听：0收费 1免费',
  `duration` float NOT NULL DEFAULT 0 COMMENT '视频时长（秒）',
  `status` varchar(20) CHARACTER SET utf8mb4 COLLATE utf8mb4_0900_ai_ci NOT NULL DEFAULT 'Empty' COMMENT 'Empty未上传 Transcoding转码中  Normal正常',
  `size` bigint UNSIGNED NOT NULL DEFAULT 0 COMMENT '视频源文件大小（字节）',
  `version` bigint UNSIGNED NOT NULL DEFAULT 1 COMMENT '乐观锁',
  `gmt_create` datetime NOT NULL COMMENT '创建时间',
  `gmt_modified` datetime NOT NULL COMMENT '更新时间',
  PRIMARY KEY (`id`) USING BTREE,
  INDEX `idx_course_id`(`course_id`) USING BTREE,
  INDEX `idx_chapter_id`(`chapter_id`) USING BTREE
) ENGINE = InnoDB CHARACTER SET = utf8mb4 COLLATE = utf8mb4_0900_ai_ci COMMENT = '课程视频' ROW_FORMAT = COMPACT;

-- ----------------------------
-- Records of edu_video
-- ----------------------------
INSERT INTO `edu_video` VALUES ('1182499307429339137', '18', '32', '第一节 内容', 'c387d9c1e83b461496a689e2ddd33a1b', '6 - What If I Want to Move Faster.mp4', 1, 0, 1, 0, '', 0, 1, '2019-10-11 11:32:59', '2021-10-05 01:00:08');
INSERT INTO `edu_video` VALUES ('1192252824606289921', '1192252213659774977', '1192252428399751169', '第一课时', '756cf06db9cb4f30be85a9758b19c645', 'eae2b847ef8503b81f5d5593d769dde2.mp4', 0, 0, 0, 0, 'Empty', 0, 1, '2019-11-07 09:29:59', '2019-11-07 09:29:59');
INSERT INTO `edu_video` VALUES ('1192628092797730818', '1192252213659774977', '1192252428399751169', '第二课时', '2a02d726622f4c7089d44cb993c531e1', 'eae2b847ef8503b81f5d5593d769dde2.mp4', 0, 0, 1, 0, 'Empty', 0, 1, '2019-11-08 10:21:10', '2019-11-08 10:21:22');
INSERT INTO `edu_video` VALUES ('1192632495013380097', '1192252213659774977', '1192252428399751169', '第三课时', '4e560c892fdf4fa2b42e0671aa42fa9d', 'eae2b847ef8503b81f5d5593d769dde2.mp4', 0, 0, 1, 0, 'Empty', 0, 1, '2019-11-08 10:38:40', '2019-11-08 10:38:40');
INSERT INTO `edu_video` VALUES ('1194117638832111617', '1192252213659774977', '1192252428399751169', '第四课时', '4e560c892fdf4fa2b42e0671aa42fa9d', 'eae2b847ef8503b81f5d5593d769dde2.mp4', 0, 0, 0, 0, 'Empty', 0, 1, '2019-11-12 13:00:05', '2019-11-12 13:00:05');
INSERT INTO `edu_video` VALUES ('1196263770832023554', '1192252213659774977', '1192252428399751169', '第五课时', '27d21158b0834cb5a8d50710937de330', 'eae2b847ef8503b81f5d5593d769dde2.mp4', 5, 0, 0, 0, 'Empty', 0, 1, '2019-11-18 11:08:03', '2019-11-18 11:08:03');
INSERT INTO `edu_video` VALUES ('17', '18', '15', '第一节：Java简介', '6b4543819dbb4f5b9d7871ae0fba9cc9', '6 - What If I Want to Move Faster.mp4', 1, 1000, 1, 100, 'Draft', 0, 1, '2019-01-01 13:08:57', '2021-10-20 23:06:25');
INSERT INTO `edu_video` VALUES ('18', '18', '15', '第二节：表达式和赋值语句', '2d99b08ca0214909899910c9ba042d47', '7 - How Do I Find Time for My ', 2, 999, 1, 100, 'Draft', 0, 1, '2019-01-01 13:09:02', '2019-03-08 03:30:27');
INSERT INTO `edu_video` VALUES ('19', '18', '15', '第三节：String类', '51120d59ddfd424cb5ab08b44fc8b23a', 'eae2b847ef8503b81f5d5593d769dde2.mp4', 3, 888, 0, 100, 'Draft', 0, 1, '2019-01-01 13:09:05', '2019-11-12 12:50:45');
INSERT INTO `edu_video` VALUES ('20', '18', '15', '第四节：程序风格', '2a38988892d84df598752226c50f3fa3', '00-day10总结.avi', 4, 666, 0, 100, 'Draft', 0, 1, '2019-01-01 13:09:05', '2019-10-11 09:20:09');

-- ----------------------------
-- Table structure for statistics_daily
-- ----------------------------
DROP TABLE IF EXISTS `statistics_daily`;
CREATE TABLE `statistics_daily`  (
  `id` char(19) CHARACTER SET utf8 COLLATE utf8_general_ci NOT NULL COMMENT '主键',
  `date_calculated` varchar(20) CHARACTER SET utf8 COLLATE utf8_general_ci NOT NULL COMMENT '统计日期',
  `register_num` int NOT NULL DEFAULT 0 COMMENT '注册人数',
  `login_num` int NOT NULL DEFAULT 0 COMMENT '登录人数',
  `video_view_num` int NOT NULL DEFAULT 0 COMMENT '每日播放视频数',
  `course_num` int NOT NULL DEFAULT 0 COMMENT '每日新增课程数',
  `gmt_create` datetime NOT NULL COMMENT '创建时间',
  `gmt_modified` datetime NOT NULL COMMENT '更新时间',
  PRIMARY KEY (`id`) USING BTREE,
  INDEX `statistics_day`(`date_calculated`) USING BTREE
) ENGINE = InnoDB CHARACTER SET = utf8 COLLATE = utf8_general_ci COMMENT = '网站统计日数据' ROW_FORMAT = Dynamic;

-- ----------------------------
-- Records of statistics_daily
-- ----------------------------
INSERT INTO `statistics_daily` VALUES ('1453761126952079362', '2021-11-2', 20, 175, 187, 151, '2021-10-29 00:30:37', '2021-10-29 00:30:37');
INSERT INTO `statistics_daily` VALUES ('1453768526702592002', '2021-11-28', 25, 186, 121, 190, '2021-10-29 01:00:01', '2021-10-29 01:00:01');
INSERT INTO `statistics_daily` VALUES ('1454855690626621441', '2021-11-31', 30, 185, 193, 187, '2021-11-01 01:00:01', '2021-11-01 01:00:01');
INSERT INTO `statistics_daily` VALUES ('1454855690626621442', '2021-11-15', 5, 185, 193, 187, '2021-11-01 01:00:01', '2021-11-01 01:00:01');
INSERT INTO `statistics_daily` VALUES ('1454855690626621443', '2021-11-1', 10, 185, 193, 187, '2021-11-01 01:00:01', '2021-11-01 01:00:01');
INSERT INTO `statistics_daily` VALUES ('1455218077720506369', '2021-11-01', 2, 106, 105, 119, '2021-11-02 01:00:01', '2021-11-02 01:00:01');
INSERT INTO `statistics_daily` VALUES ('1456143209171382274', '2021-11-03', 0, 172, 162, 159, '2021-11-04 14:16:10', '2021-11-04 14:16:10');
INSERT INTO `statistics_daily` VALUES ('1456586994686750721', '2021-11-04', 0, 183, 174, 156, '2021-11-05 19:39:36', '2021-11-05 19:39:36');
INSERT INTO `statistics_daily` VALUES ('1456667625013768193', '2021-11-05', 0, 157, 149, 163, '2021-11-06 01:00:00', '2021-11-06 01:00:00');
INSERT INTO `statistics_daily` VALUES ('1457030013676285954', '2021-11-06', 0, 130, 125, 114, '2021-11-07 01:00:00', '2021-11-07 01:00:00');
INSERT INTO `statistics_daily` VALUES ('1457728578002219010', '2021-11-07', 0, 187, 176, 132, '2021-11-08 23:15:51', '2021-11-08 23:15:51');
INSERT INTO `statistics_daily` VALUES ('1457754788732203009', '2021-11-08', 0, 127, 142, 144, '2021-11-09 01:00:00', '2021-11-09 01:00:00');
INSERT INTO `statistics_daily` VALUES ('1458428023769526274', '2021-11-09', 0, 130, 174, 191, '2021-11-10 21:35:12', '2021-11-10 21:35:12');
INSERT INTO `statistics_daily` VALUES ('1458479564408877058', '2021-11-10', 0, 125, 135, 118, '2021-11-11 01:00:00', '2021-11-11 01:00:00');
INSERT INTO `statistics_daily` VALUES ('1459566733802147842', '2021-11-13', 0, 103, 165, 142, '2021-11-14 01:00:01', '2021-11-14 01:00:01');

-- ----------------------------
-- Table structure for t_order
-- ----------------------------
DROP TABLE IF EXISTS `t_order`;
CREATE TABLE `t_order`  (
  `id` char(19) CHARACTER SET utf8mb4 COLLATE utf8mb4_0900_ai_ci NOT NULL DEFAULT '',
  `order_no` varchar(20) CHARACTER SET utf8mb4 COLLATE utf8mb4_0900_ai_ci NOT NULL DEFAULT '' COMMENT '订单号',
  `course_id` varchar(19) CHARACTER SET utf8mb4 COLLATE utf8mb4_0900_ai_ci NOT NULL DEFAULT '' COMMENT '课程id',
  `course_title` varchar(100) CHARACTER SET utf8mb4 COLLATE utf8mb4_0900_ai_ci NULL DEFAULT NULL COMMENT '课程名称',
  `course_cover` varchar(255) CHARACTER SET utf8mb4 COLLATE utf8mb4_0900_ai_ci NULL DEFAULT NULL COMMENT '课程封面',
  `teacher_name` varchar(20) CHARACTER SET utf8mb4 COLLATE utf8mb4_0900_ai_ci NULL DEFAULT NULL COMMENT '讲师名称',
  `member_id` varchar(19) CHARACTER SET utf8mb4 COLLATE utf8mb4_0900_ai_ci NOT NULL DEFAULT '' COMMENT '会员id',
  `nickname` varchar(50) CHARACTER SET utf8mb4 COLLATE utf8mb4_0900_ai_ci NULL DEFAULT NULL COMMENT '会员昵称',
  `mobile` varchar(11) CHARACTER SET utf8mb4 COLLATE utf8mb4_0900_ai_ci NULL DEFAULT NULL COMMENT '会员手机',
  `total_fee` decimal(10, 2) NULL DEFAULT 0.01 COMMENT '订单金额（分）',
  `pay_type` tinyint NULL DEFAULT NULL COMMENT '支付类型（1：微信 2：支付宝）',
  `status` tinyint NULL DEFAULT NULL COMMENT '订单状态（0：未支付 1：已支付）',
  `is_deleted` tinyint UNSIGNED NOT NULL DEFAULT 0 COMMENT '逻辑删除 1（true）已删除， 0（false）未删除',
  `gmt_create` datetime NOT NULL COMMENT '创建时间',
  `gmt_modified` datetime NOT NULL COMMENT '更新时间',
  PRIMARY KEY (`id`) USING BTREE,
  UNIQUE INDEX `ux_order_no`(`order_no`) USING BTREE,
  INDEX `idx_course_id`(`course_id`) USING BTREE,
  INDEX `idx_member_id`(`member_id`) USING BTREE
) ENGINE = InnoDB CHARACTER SET = utf8mb4 COLLATE = utf8mb4_0900_ai_ci COMMENT = '订单' ROW_FORMAT = Dynamic;

-- ----------------------------
-- Records of t_order
-- ----------------------------
INSERT INTO `t_order` VALUES ('1195693605513891841', '1195693605555834880', '18', 'Java精品课程', 'http://guli-file.oss-cn-beijing.aliyuncs.com/cover/2019/03/06/866e9aca-b530-4f71-a690-72d4a4bfd1e7.jpg', '晴天', '1', '小三1231', '13700000001', 1.00, NULL, 0, 0, '2019-11-16 21:22:25', '2019-11-16 21:22:25');
INSERT INTO `t_order` VALUES ('1195694200178118657', '1195694200186507264', '18', 'Java精品课程', 'http://guli-file.oss-cn-beijing.aliyuncs.com/cover/2019/03/06/866e9aca-b530-4f71-a690-72d4a4bfd1e7.jpg', '晴天', '1', '小三1231', '13700000001', 1.00, NULL, 0, 0, '2019-11-16 21:24:47', '2019-11-16 21:24:47');
INSERT INTO `t_order` VALUES ('1196264007411744769', '1196264005255872512', '1192252213659774977', 'java基础课程：test', 'https://guli-file-190513.oss-cn-beijing.aliyuncs.com/cover/default.gif', '晴天', '1', '小三1231', '13700000001', 1.00, NULL, 1, 0, '2019-11-18 11:09:00', '2019-11-18 11:10:14');
INSERT INTO `t_order` VALUES ('1196265495278174209', '1196265495273979904', '18', 'Java精品课程', 'http://guli-file.oss-cn-beijing.aliyuncs.com/cover/2019/03/06/866e9aca-b530-4f71-a690-72d4a4bfd1e7.jpg', '晴天', '1', '小三1231', '13700000001', 1.00, NULL, 0, 0, '2019-11-18 11:14:54', '2019-11-18 11:14:54');
INSERT INTO `t_order` VALUES ('1451228223609298946', '20211022004544981', '18', 'Java精品课程——完整版本', 'https://guli-edu5.oss-cn-beijing.aliyuncs.com/2021/10/06/1aab839f759340898a5a080e201f2b85wallhaven-z8zjdo.jpg', '晴天', '1447226810726141953', '苟文勇', '13551141336', 0.01, 1, 1, 0, '2021-10-22 00:45:46', '2021-10-22 00:45:46');
INSERT INTO `t_order` VALUES ('1452666639488245761', '20211026000130409', '18', 'Java精品课程——完整版本', 'https://guli-edu5.oss-cn-beijing.aliyuncs.com/2021/10/06/1aab839f759340898a5a080e201f2b85wallhaven-z8zjdo.jpg', '晴天', '1447226810726141953', '苟文勇', '13551141336', 0.01, 1, 1, 0, '2021-10-26 00:01:31', '2021-10-26 00:01:31');
INSERT INTO `t_order` VALUES ('1452667238128672769', '20211026000353389', '18', 'Java精品课程——完整版本', 'https://guli-edu5.oss-cn-beijing.aliyuncs.com/2021/10/06/1aab839f759340898a5a080e201f2b85wallhaven-z8zjdo.jpg', '晴天', '1447226810726141953', '苟文勇', '13551141336', 0.01, 1, 1, 0, '2021-10-26 00:03:53', '2021-10-26 00:03:53');
INSERT INTO `t_order` VALUES ('1453380781454929921', '20211027231915827', '1442878893504602114', '最终课程添加', 'https://guli-edu5.oss-cn-beijing.aliyuncs.com/2021/10/06/1aab839f759340898a5a080e201f2b85wallhaven-z8zjdo.jpg', '张三', '1447226810726141953', '苟文勇', '13551141336', 2.00, 1, 1, 0, '2021-10-27 23:19:15', '2021-10-27 23:19:15');
INSERT INTO `t_order` VALUES ('1453384951977226241', '20211027233549247', '1192252213659774977', 'java基础课程：test22', 'https://guli-edu5.oss-cn-beijing.aliyuncs.com/2021/10/06/1aab839f759340898a5a080e201f2b85wallhaven-z8zjdo.jpg', '晴天', '1447226810726141953', '苟文勇', '13551141336', 0.01, 1, 1, 0, '2021-10-27 23:35:50', '2021-10-27 23:35:50');
INSERT INTO `t_order` VALUES ('1458463045893238786', '20211110235421448', '148', 'Java精品课程', 'https://guli-edu5.oss-cn-beijing.aliyuncs.com/2021/10/06/1aab839f759340898a5a080e201f2b85wallhaven-z8zjdo.jpg', '晴天', '1447226810726141953', '苟文勇', '13551141336', 0.01, 1, 0, 0, '2021-11-10 23:54:22', '2021-11-10 23:54:22');

-- ----------------------------
-- Table structure for t_pay_log
-- ----------------------------
DROP TABLE IF EXISTS `t_pay_log`;
CREATE TABLE `t_pay_log`  (
  `id` char(19) CHARACTER SET utf8mb4 COLLATE utf8mb4_0900_ai_ci NOT NULL DEFAULT '',
  `order_no` varchar(20) CHARACTER SET utf8mb4 COLLATE utf8mb4_0900_ai_ci NOT NULL DEFAULT '' COMMENT '订单号',
  `pay_time` datetime NULL DEFAULT NULL COMMENT '支付完成时间',
  `total_fee` decimal(10, 2) NULL DEFAULT 0.01 COMMENT '支付金额（分）',
  `transaction_id` varchar(30) CHARACTER SET utf8mb4 COLLATE utf8mb4_0900_ai_ci NULL DEFAULT NULL COMMENT '交易流水号',
  `trade_state` char(20) CHARACTER SET utf8mb4 COLLATE utf8mb4_0900_ai_ci NULL DEFAULT NULL COMMENT '交易状态',
  `pay_type` tinyint NOT NULL DEFAULT 0 COMMENT '支付类型（1：微信 2：支付宝）',
  `attr` text CHARACTER SET utf8mb4 COLLATE utf8mb4_0900_ai_ci NULL COMMENT '其他属性',
  `is_deleted` tinyint UNSIGNED NOT NULL DEFAULT 0 COMMENT '逻辑删除 1（true）已删除， 0（false）未删除',
  `gmt_create` datetime NOT NULL COMMENT '创建时间',
  `gmt_modified` datetime NOT NULL COMMENT '更新时间',
  PRIMARY KEY (`id`) USING BTREE,
  UNIQUE INDEX `uk_order_no`(`order_no`) USING BTREE
) ENGINE = InnoDB CHARACTER SET = utf8mb4 COLLATE = utf8mb4_0900_ai_ci COMMENT = '支付日志表' ROW_FORMAT = Dynamic;

-- ----------------------------
-- Records of t_pay_log
-- ----------------------------
INSERT INTO `t_pay_log` VALUES ('1194498446013001730', '1194498300579704832', '2019-11-13 14:13:17', 1.00, '4200000469201911130676624386', 'SUCCESS', 1, '{\"transaction_id\":\"4200000469201911130676624386\",\"nonce_str\":\"2Lc23ILl231It53M\",\"trade_state\":\"SUCCESS\",\"bank_type\":\"CFT\",\"openid\":\"oNpSGwR-QGG5DaZtDkh2UZlsFDQE\",\"sign\":\"5404850AA3ED0E844DE104651477F07A\",\"return_msg\":\"OK\",\"fee_type\":\"CNY\",\"mch_id\":\"1473426802\",\"cash_fee\":\"1\",\"out_trade_no\":\"1194498300579704832\",\"cash_fee_type\":\"CNY\",\"appid\":\"wx8397f8696b538317\",\"total_fee\":\"1\",\"trade_state_desc\":\"支付成功\",\"trade_type\":\"NATIVE\",\"result_code\":\"SUCCESS\",\"attach\":\"\",\"time_end\":\"20191113141314\",\"is_subscribe\":\"N\",\"return_code\":\"SUCCESS\"}', 0, '2019-11-13 14:13:17', '2019-11-13 14:13:17');
INSERT INTO `t_pay_log` VALUES ('1195253787449430017', '1195253049260314624', '2019-11-15 16:14:44', 1.00, '4200000454201911150981874895', 'SUCCESS', 1, '{\"transaction_id\":\"4200000454201911150981874895\",\"nonce_str\":\"MAM5UM4Xhv1lItvO\",\"trade_state\":\"SUCCESS\",\"bank_type\":\"CFT\",\"openid\":\"oNpSGwR-QGG5DaZtDkh2UZlsFDQE\",\"sign\":\"7DBDCAF4A078B30BB3EF073E6A238C20\",\"return_msg\":\"OK\",\"fee_type\":\"CNY\",\"mch_id\":\"1473426802\",\"cash_fee\":\"1\",\"out_trade_no\":\"1195253049260314624\",\"cash_fee_type\":\"CNY\",\"appid\":\"wx8397f8696b538317\",\"total_fee\":\"1\",\"trade_state_desc\":\"支付成功\",\"trade_type\":\"NATIVE\",\"result_code\":\"SUCCESS\",\"attach\":\"\",\"time_end\":\"20191115161440\",\"is_subscribe\":\"N\",\"return_code\":\"SUCCESS\"}', 0, '2019-11-15 16:14:44', '2019-11-15 16:14:44');
INSERT INTO `t_pay_log` VALUES ('1196264321397342210', '1196264005255872512', '2019-11-18 11:10:14', 1.00, '4200000453201911184025781554', 'SUCCESS', 1, '{\"transaction_id\":\"4200000453201911184025781554\",\"nonce_str\":\"D1dHexCLIFIxAAg2\",\"trade_state\":\"SUCCESS\",\"bank_type\":\"CFT\",\"openid\":\"oNpSGwR-QGG5DaZtDkh2UZlsFDQE\",\"sign\":\"C9F5CA1EE49EA7891736D73BEB423962\",\"return_msg\":\"OK\",\"fee_type\":\"CNY\",\"mch_id\":\"1473426802\",\"cash_fee\":\"1\",\"out_trade_no\":\"1196264005255872512\",\"cash_fee_type\":\"CNY\",\"appid\":\"wx8397f8696b538317\",\"total_fee\":\"1\",\"trade_state_desc\":\"支付成功\",\"trade_type\":\"NATIVE\",\"result_code\":\"SUCCESS\",\"attach\":\"\",\"time_end\":\"20191118111011\",\"is_subscribe\":\"N\",\"return_code\":\"SUCCESS\"}', 0, '2019-11-18 11:10:14', '2019-11-18 11:10:14');

-- ----------------------------
-- Table structure for test_canal
-- ----------------------------
DROP TABLE IF EXISTS `test_canal`;
CREATE TABLE `test_canal`  (
  `id` int NOT NULL AUTO_INCREMENT,
  `user` varchar(255) CHARACTER SET utf8mb4 COLLATE utf8mb4_bin NULL DEFAULT NULL,
  `age` int NULL DEFAULT NULL,
  `conment` varchar(255) CHARACTER SET utf8mb4 COLLATE utf8mb4_bin NULL DEFAULT NULL,
  PRIMARY KEY (`id`) USING BTREE
) ENGINE = InnoDB AUTO_INCREMENT = 1 CHARACTER SET = utf8mb4 COLLATE = utf8mb4_bin ROW_FORMAT = Dynamic;

-- ----------------------------
-- Records of test_canal
-- ----------------------------
INSERT INTO `test_canal` VALUES (1, '1', 1, '2');

-- ----------------------------
-- Table structure for ucenter_member
-- ----------------------------
DROP TABLE IF EXISTS `ucenter_member`;
CREATE TABLE `ucenter_member`  (
  `id` char(19) CHARACTER SET utf8mb4 COLLATE utf8mb4_0900_ai_ci NOT NULL COMMENT '会员id',
  `openid` varchar(128) CHARACTER SET utf8mb4 COLLATE utf8mb4_0900_ai_ci NULL DEFAULT NULL COMMENT '微信openid',
  `mobile` varchar(11) CHARACTER SET utf8mb4 COLLATE utf8mb4_0900_ai_ci NULL DEFAULT '' COMMENT '手机号',
  `password` varchar(255) CHARACTER SET utf8mb4 COLLATE utf8mb4_0900_ai_ci NULL DEFAULT NULL COMMENT '密码',
  `nickname` varchar(50) CHARACTER SET utf8mb4 COLLATE utf8mb4_0900_ai_ci NULL DEFAULT NULL COMMENT '昵称',
  `sex` tinyint UNSIGNED NULL DEFAULT NULL COMMENT '性别 1 女，2 男',
  `age` tinyint UNSIGNED NULL DEFAULT NULL COMMENT '年龄',
  `avatar` varchar(255) CHARACTER SET utf8mb4 COLLATE utf8mb4_0900_ai_ci NULL DEFAULT NULL COMMENT '用户头像',
  `sign` varchar(100) CHARACTER SET utf8mb4 COLLATE utf8mb4_0900_ai_ci NULL DEFAULT NULL COMMENT '用户签名',
  `is_disabled` tinyint(1) NOT NULL DEFAULT 0 COMMENT '是否禁用 1（true）已禁用，  0（false）未禁用',
  `is_deleted` tinyint(1) NOT NULL DEFAULT 0 COMMENT '逻辑删除 1（true）已删除， 0（false）未删除',
  `gmt_create` datetime NOT NULL COMMENT '创建时间',
  `gmt_modified` datetime NOT NULL COMMENT '更新时间',
  PRIMARY KEY (`id`) USING BTREE
) ENGINE = InnoDB CHARACTER SET = utf8mb4 COLLATE = utf8mb4_0900_ai_ci COMMENT = '会员表' ROW_FORMAT = Dynamic;

-- ----------------------------
-- Records of ucenter_member
-- ----------------------------
INSERT INTO `ucenter_member` VALUES ('1', NULL, '13700000001', '96e79218965eb72c92a549dd5a330112', '小三123', 1, 5, 'http://thirdwx.qlogo.cn/mmopen/vi_32/DYAIOgq83eoj0hHXhgJNOTSOFsS4uZs8x1ConecaVOB8eIl115xmJZcT4oCicvia7wMEufibKtTLqiaJeanU2Lpg3w/132', NULL, 0, 0, '2021-10-27 01:04:06', '2019-11-08 11:56:01');
INSERT INTO `ucenter_member` VALUES ('1080736474267144193', NULL, '13700000011', '96e79218965eb72c92a549dd5a330112', '用户XJtDfaYeKk', 1, 19, 'http://thirdwx.qlogo.cn/mmopen/vi_32/DYAIOgq83eoj0hHXhgJNOTSOFsS4uZs8x1ConecaVOB8eIl115xmJZcT4oCicvia7wMEufibKtTLqiaJeanU2Lpg3w/132', NULL, 0, 0, '2021-10-28 01:04:06', '2019-01-02 12:12:56');
INSERT INTO `ucenter_member` VALUES ('1080736474355224577', NULL, '13700000002', '96e79218965eb72c92a549dd5a330112', '用户wUrNkzAPrc', 1, 27, 'http://thirdwx.qlogo.cn/mmopen/vi_32/DYAIOgq83eoj0hHXhgJNOTSOFsS4uZs8x1ConecaVOB8eIl115xmJZcT4oCicvia7wMEufibKtTLqiaJeanU2Lpg3w/132', NULL, 0, 0, '2021-10-30 01:04:06', '2019-01-02 12:14:07');
INSERT INTO `ucenter_member` VALUES ('1086387099449442306', NULL, '13520191388', '96e79218965eb72c92a549dd5a330112', '用户XTMUeHDAoj', 2, 20, 'http://thirdwx.qlogo.cn/mmopen/vi_32/DYAIOgq83eoj0hHXhgJNOTSOFsS4uZs8x1ConecaVOB8eIl115xmJZcT4oCicvia7wMEufibKtTLqiaJeanU2Lpg3w/132', NULL, 0, 0, '2021-10-28 01:04:06', '2019-01-19 06:17:23');
INSERT INTO `ucenter_member` VALUES ('1086387099520745473', NULL, '13520191389', '96e79218965eb72c92a549dd5a330112', '用户vSdKeDlimn', 1, 21, 'http://thirdwx.qlogo.cn/mmopen/vi_32/DYAIOgq83eoj0hHXhgJNOTSOFsS4uZs8x1ConecaVOB8eIl115xmJZcT4oCicvia7wMEufibKtTLqiaJeanU2Lpg3w/132', NULL, 0, 0, '2021-10-28 01:04:06', '2019-01-19 06:17:23');
INSERT INTO `ucenter_member` VALUES ('1086387099608825858', NULL, '13520191381', '96e79218965eb72c92a549dd5a330112', '用户EoyWUVXQoP', 1, 18, 'http://thirdwx.qlogo.cn/mmopen/vi_32/DYAIOgq83eoj0hHXhgJNOTSOFsS4uZs8x1ConecaVOB8eIl115xmJZcT4oCicvia7wMEufibKtTLqiaJeanU2Lpg3w/132', NULL, 0, 0, '2021-10-28 01:04:06', '2019-01-19 06:17:23');
INSERT INTO `ucenter_member` VALUES ('1086387099701100545', NULL, '13520191382', '96e79218965eb72c92a549dd5a330112', '用户LcAYbxLNdN', 2, 24, 'http://thirdwx.qlogo.cn/mmopen/vi_32/DYAIOgq83eoj0hHXhgJNOTSOFsS4uZs8x1ConecaVOB8eIl115xmJZcT4oCicvia7wMEufibKtTLqiaJeanU2Lpg3w/132', NULL, 0, 0, '2021-10-28 01:04:06', '2019-01-19 06:17:23');
INSERT INTO `ucenter_member` VALUES ('1086387099776598018', NULL, '13520191383', '96e79218965eb72c92a549dd5a330112', '用户dZdjcgltnk', 2, 25, 'http://thirdwx.qlogo.cn/mmopen/vi_32/DYAIOgq83eoj0hHXhgJNOTSOFsS4uZs8x1ConecaVOB8eIl115xmJZcT4oCicvia7wMEufibKtTLqiaJeanU2Lpg3w/132', NULL, 0, 0, '2021-10-28 01:04:06', '2019-01-19 06:17:23');
INSERT INTO `ucenter_member` VALUES ('1086387099852095490', NULL, '13520191384', '96e79218965eb72c92a549dd5a330112', '用户wNHGHlxUwX', 2, 23, 'http://thirdwx.qlogo.cn/mmopen/vi_32/DYAIOgq83eoj0hHXhgJNOTSOFsS4uZs8x1ConecaVOB8eIl115xmJZcT4oCicvia7wMEufibKtTLqiaJeanU2Lpg3w/132', NULL, 0, 0, '2021-10-28 01:04:06', '2019-01-19 06:17:23');
INSERT INTO `ucenter_member` VALUES ('1106746895272849410', 'o1R-t5u2TfEVeVjO9CPGdHPNw-to', NULL, NULL, '檀梵\'', NULL, NULL, 'http://thirdwx.qlogo.cn/mmopen/vi_32/zZfLXcetf2Rpsibq6HbPUWKgWSJHtha9y1XBeaqluPUs6BYicW1FJaVqj7U3ozHd3iaodGKJOvY2PvqYTuCKwpyfQ/132', NULL, 0, 0, '2021-10-28 01:04:06', '2019-03-16 10:39:57');
INSERT INTO `ucenter_member` VALUES ('1106822699956654081', NULL, NULL, NULL, NULL, NULL, NULL, 'http://thirdwx.qlogo.cn/mmopen/vi_32/DYAIOgq83eoj0hHXhgJNOTSOFsS4uZs8x1ConecaVOB8eIl115xmJZcT4oCicvia7wMEufibKtTLqiaJeanU2Lpg3w/132', NULL, 0, 0, '2021-10-28 01:04:06', '2019-03-16 15:41:10');
INSERT INTO `ucenter_member` VALUES ('1106823035660357634', 'o1R-t5i4gENwHYRb5lVFy98Z0bdk', NULL, NULL, 'GaoSir', NULL, NULL, 'http://thirdwx.qlogo.cn/mmopen/vi_32/Q0j4TwGTfTJI53RcCuc1no02os6ZrattWGiazlPnicoZQ59zkS7phNdLEWUPDk8fzoxibAnXV1Sbx0trqXEsGhXPw/132', NULL, 0, 0, '2021-10-28 01:04:06', '2019-03-16 15:42:30');
INSERT INTO `ucenter_member` VALUES ('1106823041599492098', NULL, NULL, NULL, NULL, NULL, NULL, 'http://thirdwx.qlogo.cn/mmopen/vi_32/DYAIOgq83eoj0hHXhgJNOTSOFsS4uZs8x1ConecaVOB8eIl115xmJZcT4oCicvia7wMEufibKtTLqiaJeanU2Lpg3w/132', NULL, 0, 0, '2021-10-28 01:04:06', '2019-03-16 15:42:32');
INSERT INTO `ucenter_member` VALUES ('1106823115788341250', 'o1R-t5l_3rnbZbn4jWwFdy6Gk6cg', NULL, NULL, '换个网名哇、', NULL, NULL, 'http://thirdwx.qlogo.cn/mmopen/vi_32/jJHyeM0EN2jhB70LntI3k8fEKe7W6CwykrKMgDJM4VZqCpcxibVibX397p0vmbKURGkLS4jxjGB0GpZfxCicgt07w/132', NULL, 0, 0, '2021-10-28 01:04:06', '2019-03-16 15:42:49');
INSERT INTO `ucenter_member` VALUES ('1106826046730227714', 'o1R-t5gyxumyBqt0CWcnh0S6Ya1g', NULL, NULL, '我是Helen', NULL, NULL, 'http://thirdwx.qlogo.cn/mmopen/vi_32/Q0j4TwGTfTKDRfib8wy7A2ltERKh4VygxdjVC1x5OaOb1t9hot4JNt5agwaVLdJLcD9vJCNcxkvQnlvLYIPfrZw/132', NULL, 0, 0, '2021-11-01 01:04:06', '2019-03-16 15:54:28');
INSERT INTO `ucenter_member` VALUES ('1106828185829490690', 'o1R-t5nNlou5lRwBVgGNJFm4rbc4', NULL, NULL, ' 虎头', NULL, NULL, 'http://thirdwx.qlogo.cn/mmopen/vi_32/Q0j4TwGTfTKxCqRzuYWQmpwiaqQEjNxbC7WicebicXQusU306jgmfoOzUcFg1qaDq5BStiblwBjw5dUOblQ2gUicQOQ/132', NULL, 0, 0, '2021-10-28 01:04:06', '2019-03-16 16:02:58');
INSERT INTO `ucenter_member` VALUES ('1106830599651442689', 'o1R-t5hZHQB1cbX7HZJsiM727_SA', NULL, NULL, '是吴啊', NULL, NULL, 'http://thirdwx.qlogo.cn/mmopen/vi_32/Q0j4TwGTfTJ9CsqApybcs7f3Dyib9IxIh0sBqJb7LicbjU4WticJFF0PVwFvHgtbFdBwfmk3H2t3NyqmEmVx17tRA/132', NULL, 0, 0, '2021-10-28 01:04:06', '2019-03-16 16:12:34');
INSERT INTO `ucenter_member` VALUES ('1106830976199278593', 'o1R-t5meKOoyEJ3-IhWRCBKFcvzU', NULL, NULL, '我才是Helen', NULL, NULL, 'http://thirdwx.qlogo.cn/mmopen/vi_32/DYAIOgq83epMicP9UT6mVjYWdno0OJZkOXiajG0sllJTbGJ9DYiceej2XvbDSGCK8LCF7jv1PuG2uoYlePWic9XO8A/132', NULL, 0, 0, '2021-10-28 01:04:06', '2019-03-16 16:14:03');
INSERT INTO `ucenter_member` VALUES ('1106831936900415490', 'o1R-t5jXYSWakGtnUBnKbfVT5Iok', NULL, NULL, '文若姬', NULL, NULL, 'http://thirdwx.qlogo.cn/mmopen/vi_32/3HEmJwpSzguqqAyzmBwqT6aicIanswZibEOicQInQJI3ZY1qmu59icJC6N7SahKqWYv24GvX5KH2fibwt0mPWcTJ3fg/132', NULL, 0, 0, '2021-10-28 01:04:06', '2019-03-16 16:17:52');
INSERT INTO `ucenter_member` VALUES ('1106832491064442882', 'o1R-t5sud081Qsa2Vb2xSKgGnf_g', NULL, NULL, 'Peanut', NULL, NULL, 'http://thirdwx.qlogo.cn/mmopen/vi_32/DYAIOgq83eoj0hHXhgJNOTSOFsS4uZs8x1ConecaVOB8eIl115xmJZcT4oCicvia7wMEufibKtTLqiaJeanU2Lpg3w/132', NULL, 0, 0, '2021-10-28 01:04:06', '2019-03-16 16:20:04');
INSERT INTO `ucenter_member` VALUES ('1106833021442510849', 'o1R-t5lsGc3I8P5bDpHj7m_AIRvQ', NULL, NULL, '食物链终结者', NULL, NULL, 'http://thirdwx.qlogo.cn/mmopen/vi_32/MQ7qUmCprK9am16M1Ia1Cs3RK0qiarRrl9y8gsssBjIZeS2GwKSrnq7ZYhmrzuzDwBxSMMAofrXeLic9IBlW4M3Q/132', NULL, 0, 0, '2021-10-30 01:04:06', '2019-03-16 16:22:11');
INSERT INTO `ucenter_member` VALUES ('1191600824445046786', NULL, '15210078344', '96e79218965eb72c92a549dd5a330112', 'IT妖姬', 1, 5, 'http://thirdwx.qlogo.cn/mmopen/vi_32/DYAIOgq83eoj0hHXhgJNOTSOFsS4uZs8x1ConecaVOB8eIl115xmJZcT4oCicvia7wMEufibKtTLqiaJeanU2Lpg3w/132', NULL, 0, 0, '2021-10-28 01:04:06', '2019-11-08 18:04:43');
INSERT INTO `ucenter_member` VALUES ('1191616288114163713', NULL, '17866603606', '96e79218965eb72c92a549dd5a330112', 'xiaowu', NULL, NULL, 'http://thirdwx.qlogo.cn/mmopen/vi_32/DYAIOgq83eoj0hHXhgJNOTSOFsS4uZs8x1ConecaVOB8eIl115xmJZcT4oCicvia7wMEufibKtTLqiaJeanU2Lpg3w/132', NULL, 0, 0, '2021-10-28 01:04:06', '2019-11-05 15:20:37');
INSERT INTO `ucenter_member` VALUES ('1195187659054329857', NULL, '15010546384', '96e79218965eb72c92a549dd5a330112', 'qy', NULL, NULL, 'http://thirdwx.qlogo.cn/mmopen/vi_32/DYAIOgq83eoj0hHXhgJNOTSOFsS4uZs8x1ConecaVOB8eIl115xmJZcT4oCicvia7wMEufibKtTLqiaJeanU2Lpg3w/132', NULL, 0, 0, '2021-10-31 01:04:06', '2019-11-15 11:51:58');
INSERT INTO `ucenter_member` VALUES ('1447226810726141953', NULL, '13551141336', 'e10adc3949ba59abbe56e057f20f883e', '苟文勇', NULL, NULL, 'http://thirdwx.qlogo.cn/mmopen/vi_32/DYAIOgq83eoj0hHXhgJNOTSOFsS4uZs8x1ConecaVOB8eIl115xmJZcT4oCicvia7wMEufibKtTLqiaJeanU2Lpg3w/132', NULL, 0, 0, '2021-11-01 01:04:06', '2021-10-10 23:45:35');

-- ----------------------------
-- Table structure for untitled
-- ----------------------------
DROP TABLE IF EXISTS `untitled`;
CREATE TABLE `untitled`  (
  `id` int NOT NULL AUTO_INCREMENT,
  `user` varchar(255) CHARACTER SET utf8mb4 COLLATE utf8mb4_0900_ai_ci NULL DEFAULT NULL,
  `age` int NULL DEFAULT NULL,
  `conment` varchar(255) CHARACTER SET utf8mb4 COLLATE utf8mb4_0900_ai_ci NULL DEFAULT NULL,
  PRIMARY KEY (`id`) USING BTREE
) ENGINE = InnoDB CHARACTER SET = utf8mb4 COLLATE = utf8mb4_0900_ai_ci ROW_FORMAT = Dynamic;

-- ----------------------------
-- Records of untitled
-- ----------------------------

SET FOREIGN_KEY_CHECKS = 1;
